HHNo,area,age_of_respondent,chronic_illness,nhif_usage,nssf_usage,most_important_life_goal,income_source,avg_mnth_income,hse_land_loan,securities_use,nearest_financial_prod,land_house_ownership,total_exp_per_moth,electronic_device,motorvehicle_ownership,livestock_ownership,insurance
1090,Urban,16,No,No,No,Education,Family,8000.0,No,No,MMoney,No,7000,No,No,False,No
1067,Urban,27,No,Yes,Yes,Food,Family,2000.0,No,No,MMoney,No,20000,Yes,Yes,False,Yes
1012,Rural,22,No,No,No,Food,Casual_work,,No,No,MMoney,No,10000,No,Yes,False,No
1032,Rural,29,No,No,No,Career,Family,,No,Yes,MMoney,No,20000,No,No,False,No
1023,Urban,32,No,No,No,Career,Casual_work,8000.0,No,No,MMoney,No,10000,No,No,False,No
1025,Rural,35,No,No,No,Career,Casual_work,4000.0,No,No,MMoney,Yes,5000,No,No,True,No
1027,Urban,31,No,No,No,Business,Business,10000.0,No,No,MMoney,No,20000,Yes,Yes,False,No
1075,Rural,67,No,No,No,Food,Casual_work,1000.0,No,No,MMoney,Yes,1000,No,No,False,No
1065,Rural,35,No,No,No,Food,Casual_work,3000.0,No,No,MMoney,Yes,3000,No,No,True,No
1028,Urban,42,No,Yes,No,Health,Business,15000.0,No,Yes,MMoney,No,8000,Yes,Yes,False,Yes
1029,Urban,32,No,No,No,Health,Family,300.0,No,No,MMoney,No,6000,No,No,False,No
1048,Urban,38,No,Yes,No,Food,Casual_work,,No,No,MMoney,No,5000,No,No,False,Yes
1099,Urban,24,No,Yes,No,Food,Family,1000.0,No,No,MMoney,Yes,15000,No,No,False,Yes
1099,Rural,30,No,No,No,Health,Agriculture,5000.0,No,No,MMoney,No,4000,No,No,True,No
1092,Rural,58,No,No,No,Business,Agriculture,50000.0,No,Yes,MMoney,Yes,10000,No,No,True,Yes
1046,Rural,47,No,Yes,No,Education,Agriculture,7000.0,No,No,MMoney,Yes,15000,No,Yes,True,Yes
1045,Rural,17,No,No,No,Food,Casual_work,2000.0,No,No,MMoney,No,5000,No,No,True,No
1069,Urban,21,No,Yes,Yes,Health,Casual_work,9000.0,No,No,MMoney,No,9000,No,No,False,Yes
1057,Urban,66,No,No,No,Education,Family,,No,No,Bank,No,2000,No,No,False,No
1101,Rural,38,No,No,No,Food,Casual_work,,No,No,MMoney,No,16000,No,No,False,No
1003,Rural,25,No,No,No,Food,Agriculture,1000.0,No,No,MMoney,Yes,8200,No,No,False,No
1074,Rural,32,No,No,No,Health,Casual_work,5000.0,No,No,MMoney,Yes,2000,No,No,False,No
1096,Urban,32,No,No,No,Education,Family,9000.0,No,No,MMoney,No,9000,Yes,No,False,No
1042,Urban,68,No,No,No,Business,Casual_work,2000.0,No,No,MMoney,Yes,9000,No,No,False,No
1075,Rural,38,No,No,No,Food,Casual_work,4000.0,No,No,MMoney,Yes,6000,No,No,False,No
1027,Rural,26,No,No,No,Education,Casual_work,5000.0,No,No,MMoney,Yes,4000,No,Yes,True,No
1052,Urban,44,No,Yes,Yes,Education,Employment,65000.0,Yes,No,MMoney,Yes,30000,Yes,Yes,False,Yes
1064,Urban,33,No,Yes,Yes,Business,Business,4500.0,Yes,No,MMoney,No,5000,No,No,False,Yes
1074,Rural,42,No,Yes,No,Health,Casual_work,10000.0,No,No,Bank,No,10000,No,No,False,Yes
1079,Rural,23,No,No,No,Food,Employment,7000.0,No,No,MMoney,No,6000,Yes,No,False,No
1058,Urban,16,No,No,No,Education,Family,10000.0,No,No,MMoney,No,10000,No,No,False,No
1006,Urban,16,No,No,No,Education,Family,,No,No,,No,10000,No,No,False,No
1034,Rural,62,No,No,No,Food,Casual_work,5000.0,No,No,MMoney,Yes,5000,No,No,True,No
1076,Rural,37,No,Yes,No,Health,Agriculture,2000.0,No,No,MMoney,Yes,9000,No,No,False,Yes
1018,Rural,78,Yes,No,No,Food,Family,5000.0,No,No,MMoney,Yes,8000,No,No,False,No
1022,Rural,23,No,No,No,Education,Agriculture,5000.0,No,Yes,MMoney,Yes,2000,Yes,No,True,Yes
1121,Urban,41,No,No,No,Food,Casual_work,15000.0,No,No,MMoney,Yes,8000,Yes,No,False,No
1109,Urban,62,No,No,No,Food,Casual_work,3000.0,No,No,MMoney,Yes,3000,No,No,False,No
1079,Rural,36,No,No,No,Health,Employment,1000.0,No,No,MMoney,No,10000,No,No,False,No
1047,Urban,24,No,No,No,Education,Business,5000.0,No,No,MMoney,No,8000,Yes,No,False,Yes
1110,Rural,35,No,No,No,Food,Business,1000.0,No,No,MMoney,No,12000,No,No,False,No
1113,Urban,21,No,No,No,Education,Family,,No,No,MMoney,No,16000,Yes,No,False,No
1136,Urban,48,No,No,No,Food,Casual_work,6000.0,No,No,MMoney,No,10000,No,Yes,False,Yes
1014,Urban,46,No,No,No,Education,Business,7000.0,No,No,MMoney,Yes,10000,No,No,False,No
1009,Rural,41,No,Yes,Yes,Health,Agriculture,70000.0,Yes,No,MMoney,Yes,10000,Yes,No,True,Yes
1063,Rural,28,No,No,No,Education,Agriculture,5000.0,No,No,MMoney,No,5000,No,No,True,Yes
1018,Rural,23,No,Yes,No,Food,Business,5000.0,No,No,MMoney,No,8000,Yes,No,False,Yes
1078,Rural,52,No,Yes,Yes,Business,Employment,20000.0,No,No,MMoney,Yes,10000,No,Yes,False,Yes
1024,Rural,32,No,No,No,Food,Casual_work,10000.0,No,No,MMoney,Yes,9000,No,No,False,No
1067,Rural,43,No,No,No,Business,Agriculture,4000.0,No,No,MMoney,Yes,5000,Yes,No,False,Yes
1005,Urban,40,No,Yes,No,Health,Business,15000.0,No,No,MMoney,No,15000,No,No,False,Yes
1049,Urban,56,No,No,No,Business,Agriculture,1000.0,No,No,MMoney,No,5000,No,No,False,No
1042,Rural,70,Yes,No,No,Health,Agriculture,200.0,No,No,MMoney,Yes,2000,No,No,True,No
1120,Urban,26,No,No,No,Career,Business,2000.0,No,No,MMoney,No,13000,No,No,False,No
1005,Urban,42,No,No,No,Business,Family,,No,No,MMoney,Yes,50000,Yes,No,False,Yes
1097,Rural,17,No,No,No,Education,Family,3800.0,No,No,MMoney,Yes,10000,No,No,True,No
1066,Rural,30,No,No,No,Health,Agriculture,4000.0,No,No,MMoney,Yes,16000,No,Yes,True,Yes
1068,Urban,28,No,Yes,Yes,Business,Family,3000.0,No,No,MMoney,Yes,15000,Yes,Yes,False,Yes
1045,Urban,28,No,Yes,No,Food,Family,15000.0,No,No,MMoney,No,30000,Yes,No,False,Yes
1095,Urban,25,No,Yes,No,Food,Family,2000.0,No,No,MMoney,No,10000,Yes,No,False,Yes
1052,Urban,34,No,No,No,Health,Casual_work,10000.0,No,No,MMoney,Yes,10000,No,No,False,Yes
1075,Urban,31,No,No,No,Home,Business,15000.0,No,No,MMoney,No,20000,Yes,Yes,False,Yes
1049,Urban,22,No,Yes,No,Food,Casual_work,22000.0,No,No,MMoney,No,20000,No,No,False,Yes
1102,Rural,70,Yes,No,No,Health,Agriculture,3000.0,No,No,MMoney,Yes,5000,No,Yes,False,Yes
1079,Rural,44,No,No,No,Education,Agriculture,,No,No,MMoney,Yes,20000,Yes,No,False,Yes
1040,Rural,26,No,No,No,Education,Agriculture,10000.0,No,No,MMoney,Yes,12000,No,No,False,No
1078,Urban,30,No,Yes,Yes,Food,Casual_work,9000.0,No,No,MMoney,No,7000,Yes,No,False,Yes
1063,Rural,26,No,No,No,Education,Family,2000.0,No,No,MMoney,No,5000,Yes,No,False,Yes
1034,Urban,36,No,No,No,Career,Casual_work,,No,No,MMoney,No,15000,Yes,No,False,No
1042,Rural,61,No,No,No,Food,Family,,No,No,MMoney,Yes,6000,No,No,False,No
1102,Rural,26,No,No,No,Education,Casual_work,3000.0,No,No,MMoney,No,6000,No,No,True,No
1111,Urban,34,No,No,Yes,Career,Business,2000.0,No,No,MMoney,Yes,13000,No,No,False,Yes
1049,Urban,60,Yes,Yes,No,Health,Family,,Yes,No,MMoney,Yes,10000,Yes,No,False,Yes
1062,Rural,65,Yes,No,No,Food,Casual_work,,No,No,MMoney,Yes,2000,No,No,False,No
1004,Rural,45,No,No,No,Business,Business,100000.0,No,No,MMoney,Yes,18000,Yes,No,False,No
1009,Urban,76,No,Yes,Yes,Health,Employment,50000.0,No,No,MMoney,No,30000,Yes,No,False,Yes
1053,Rural,19,No,No,No,Education,Family,10000.0,No,No,MMoney,Yes,5000,Yes,No,False,No
1111,Urban,30,No,No,Yes,Food,Employment,44000.0,Yes,No,MMoney,Yes,35000,Yes,No,False,Yes
1070,Urban,30,No,No,No,Assets,Casual_work,20000.0,No,No,Bank,No,11000,No,No,False,No
1087,Urban,76,Yes,Yes,Yes,Business,Family,15000.0,No,No,MMoney,Yes,7000,Yes,No,False,Yes
1013,Urban,23,No,No,No,Education,Casual_work,20000.0,No,No,MMoney,No,10000,No,No,False,No
1050,Urban,23,No,Yes,No,Career,Casual_work,4000.0,No,No,MMoney,No,6000,No,No,False,Yes
1011,Urban,48,No,Yes,No,Home,Casual_work,20000.0,No,No,MMoney,No,10000,No,No,False,Yes
1040,Rural,23,No,No,No,Food,Family,5000.0,No,No,MMoney,No,6000,Yes,No,False,No
1068,Rural,23,No,No,No,Business,Casual_work,4000.0,No,No,MMoney,Yes,1050,No,Yes,True,Yes
1006,Urban,32,Yes,Yes,No,Health,Family,500.0,No,Yes,Bank,No,5000,Yes,No,False,Yes
1118,Urban,23,No,Yes,Yes,Food,Employment,18000.0,No,No,MMoney,No,15500,Yes,No,False,Yes
1071,Rural,18,No,No,No,Education,Family,200.0,No,No,MMoney,No,20000,No,No,False,No
1032,Urban,23,No,Yes,Yes,Food,Employment,10000.0,Yes,No,MMoney,No,7000,Yes,No,False,Yes
1109,Urban,43,No,Yes,No,Food,Casual_work,10000.0,No,No,MMoney,Yes,5000,Yes,No,False,Yes
1041,Urban,64,Yes,No,No,Health,Agriculture,,No,No,MMoney,Yes,5000,No,No,False,No
1079,Rural,54,No,No,No,Business,Agriculture,15000.0,No,No,MMoney,Yes,15000,No,No,False,Yes
1050,Rural,18,No,No,No,Education,Family,2000.0,No,No,MMoney,No,8000,No,No,False,No
1003,Urban,42,No,Yes,Yes,Health,Employment,28000.0,No,No,MMoney,No,25000,Yes,Yes,False,Yes
1060,Rural,31,No,No,No,Food,Casual_work,1500.0,No,No,MMoney,No,10000,No,No,True,No
1070,Urban,51,Yes,Yes,No,Food,Agriculture,20000.0,No,No,MMoney,No,15000,No,No,False,Yes
1100,Urban,30,No,Yes,Yes,Business,Business,,Yes,No,MMoney,No,20000,No,No,False,Yes
1082,Urban,49,No,No,No,Business,Casual_work,25000.0,No,No,MMoney,No,6000,No,No,False,Yes
1074,Urban,28,No,No,No,Career,Family,,No,No,MMoney,No,15000,No,No,False,No
1113,Urban,19,No,Yes,No,Education,Casual_work,25000.0,No,No,MMoney,Yes,14000,No,No,False,Yes
1049,Rural,64,No,Yes,Yes,Food,Renting,3000.0,Yes,Yes,MMoney,Yes,20000,No,No,False,Yes
1057,Rural,79,No,No,No,Health,Agriculture,2000.0,No,No,MMoney,Yes,2000,No,No,True,No
1023,Urban,35,No,Yes,No,Education,Casual_work,12000.0,No,No,MMoney,No,10000,No,No,False,Yes
1072,Rural,20,No,No,No,Food,Casual_work,12000.0,No,No,MMoney,Yes,3000,No,No,False,No
1028,Urban,40,No,No,No,Food,Casual_work,5000.0,No,No,MMoney,No,9000,No,No,False,No
1022,Urban,32,No,No,No,Career,Casual_work,,No,No,MMoney,No,6500,No,No,False,Yes
1133,Urban,31,No,No,No,Food,Casual_work,,No,No,MMoney,No,15000,Yes,No,False,No
1042,Urban,39,No,No,No,Education,Business,20000.0,No,No,MMoney,No,25000,No,No,False,No
1001,Rural,30,No,No,No,Food,Casual_work,20000.0,No,No,MMoney,No,10000,No,No,False,No
1036,Urban,39,No,No,No,Business,Business,10000.0,No,No,MMoney,No,5000,No,No,False,Yes
1068,Rural,45,No,Yes,No,Education,Agriculture,5000.0,No,No,MMoney,No,3000,Yes,Yes,True,Yes
1060,Urban,37,No,No,No,Career,Family,,No,No,MMoney,No,7500,No,No,False,No
1035,Urban,43,No,Yes,Yes,Food,Casual_work,6000.0,No,No,MMoney,Yes,10000,No,No,False,Yes
1035,Rural,45,No,No,No,Health,Agriculture,10000.0,No,No,MMoney,Yes,4000,No,No,True,No
1044,Rural,49,No,No,No,Health,Employment,12000.0,No,No,MMoney,Yes,10000,No,No,False,No
1015,Urban,27,No,No,No,Business,Family,12000.0,No,No,MMoney,No,30000,No,No,False,Yes
1028,Urban,42,No,No,No,Education,Casual_work,16000.0,No,No,MMoney,No,16000,No,No,False,No
1099,Rural,40,No,Yes,No,Food,Agriculture,30000.0,No,No,MMoney,Yes,30000,No,No,False,Yes
1061,Rural,32,No,No,No,Education,Agriculture,,No,No,MMoney,No,18000,No,Yes,True,No
1017,Urban,30,No,No,No,Business,Business,,Yes,No,MMoney,No,18000,Yes,No,False,Yes
1011,Urban,30,No,No,No,Food,Casual_work,5000.0,No,No,MMoney,No,18000,Yes,No,False,Yes
1012,Rural,62,Yes,Yes,No,Education,Agriculture,,No,No,MMoney,Yes,12000,Yes,No,False,Yes
1022,Urban,38,No,Yes,No,Food,Agriculture,10000.0,Yes,No,MMoney,No,20000,No,No,False,Yes
1057,Urban,70,Yes,Yes,Yes,Health,Renting,10000.0,No,No,MMoney,Yes,20000,Yes,Yes,False,Yes
1014,Rural,35,Yes,No,No,Food,Casual_work,2000.0,No,No,MMoney,Yes,2000,No,No,False,No
1015,Urban,48,Yes,Yes,Yes,Business,Employment,16000.0,No,No,MMoney,No,12000,No,Yes,False,Yes
1125,Urban,39,No,Yes,Yes,Food,Casual_work,7200.0,No,No,MMoney,No,6000,No,No,False,Yes
1086,Urban,29,No,Yes,Yes,Business,Business,70000.0,Yes,No,MMoney,No,30000,Yes,No,False,Yes
1070,Rural,50,Don't Know,No,No,Food,Family,,No,No,MMoney,Yes,2000,No,No,False,No
1082,Rural,55,No,No,No,Health,Casual_work,15000.0,No,No,MMoney,Yes,1600,No,No,True,Yes
1117,Urban,98,No,No,No,Health,Family,5000.0,No,No,MMoney,Yes,4000,No,No,False,No
1044,Urban,29,No,Yes,No,Business,Business,6000.0,No,No,MMoney,No,10000,No,No,False,Yes
1036,Urban,26,Yes,No,No,Education,Agriculture,15000.0,No,No,MMoney,Yes,15000,No,Yes,False,No
1048,Rural,32,No,No,No,Food,Business,8000.0,No,No,MMoney,Yes,5000,No,No,False,Yes
1096,Urban,22,No,No,No,Education,Casual_work,4500.0,No,No,MMoney,No,6000,Yes,No,False,No
1039,Rural,38,No,Yes,No,Education,Family,8000.0,No,No,MMoney,Yes,18000,No,Yes,False,Yes
1047,Urban,32,No,No,No,Food,Casual_work,12000.0,No,Yes,MMoney,No,8000,No,No,False,Yes
1063,Urban,42,No,No,No,Career,Casual_work,10000.0,No,Yes,MMoney,No,8000,No,No,False,No
1007,Rural,59,Yes,Yes,Yes,Education,Employment,30000.0,Yes,No,MMoney,Yes,30000,Yes,No,False,Yes
1094,Urban,32,No,No,No,Career,Casual_work,5000.0,No,No,MMoney,No,5000,No,No,False,No
1021,Urban,35,No,Yes,Yes,Food,Employment,20000.0,Yes,Yes,MMoney,No,10000,Yes,No,False,Yes
1007,Rural,24,No,No,No,Food,Employment,7000.0,No,No,MMoney,Yes,7000,No,No,False,No
1068,Rural,27,No,No,No,Food,Casual_work,6000.0,No,No,MMoney,No,5000,No,No,False,No
1037,Urban,35,No,Yes,No,Food,Casual_work,6000.0,No,No,MMoney,No,6000,Yes,No,False,Yes
1035,Urban,21,No,No,No,Education,Family,3000.0,No,No,MMoney,No,4000,Yes,No,False,No
1091,Rural,25,No,Yes,No,Food,Business,15000.0,No,No,MMoney,No,10000,No,No,False,Yes
1070,Rural,37,No,Yes,Yes,Career,Employment,7000.0,No,No,MMoney,No,10000,No,No,False,Yes
1013,Urban,19,No,No,No,Business,Family,1000.0,No,No,MMoney,No,5000,No,No,False,No
1011,Urban,24,No,No,No,Food,Casual_work,20000.0,No,No,MMoney,No,8000,Yes,Yes,False,No
1106,Rural,52,No,No,No,Food,Family,21000.0,No,No,MMoney,Yes,12000,No,No,False,Yes
1069,Urban,30,No,No,No,Education,Family,5000.0,No,No,MMoney,No,12000,No,No,False,No
1090,Urban,40,No,No,No,Home,Business,,No,No,MMoney,No,7000,No,No,False,Yes
1030,Rural,19,No,No,No,Food,Employment,2000.0,No,No,MMoney,Yes,3000,No,No,True,No
1022,Urban,24,No,No,No,Food,Casual_work,8000.0,No,No,MMoney,Yes,5000,No,No,True,Yes
1046,Urban,45,No,No,No,Career,Casual_work,8500.0,No,No,MMoney,Yes,3000,Yes,No,False,No
1091,Rural,27,No,No,No,Business,Business,15000.0,Yes,No,MMoney,No,10000,No,No,False,Yes
1014,Urban,47,No,No,No,Food,Casual_work,4000.0,No,No,MMoney,No,3000,No,No,False,No
1009,Rural,45,No,No,No,Health,Casual_work,10000.0,No,No,MMoney,Yes,6000,No,No,False,No
1036,Rural,80,No,No,No,Food,Family,1000.0,No,No,MMoney,Yes,3000,No,No,True,Yes
1059,Rural,53,No,No,No,Food,Casual_work,,No,No,MMoney,Yes,7000,No,No,False,Yes
1075,Urban,18,No,Yes,Yes,Education,Employment,10000.0,No,No,MMoney,No,15000,Yes,Yes,False,Yes
1067,Rural,64,No,No,No,Health,Agriculture,5000.0,No,No,MMoney,Yes,6000,No,No,True,Yes
1061,Rural,17,No,No,No,Education,Family,500.0,No,No,MMoney,Yes,15000,Yes,No,False,No
1086,Rural,23,No,No,No,Business,Family,5000.0,No,No,Bank,No,5000,No,No,False,No
1057,Rural,61,Yes,Yes,Yes,Food,Family,1500.0,No,No,MMoney,Yes,2500,No,No,False,Yes
1060,Urban,35,No,No,No,Food,Family,2000.0,No,No,MMoney,No,10000,Yes,No,False,No
1022,Rural,22,No,No,No,Food,Casual_work,6000.0,No,No,MMoney,Yes,6500,No,No,False,No
1012,Rural,49,No,No,No,Food,Casual_work,1000.0,No,No,MMoney,Yes,8000,No,Yes,False,Yes
1035,Urban,28,No,No,No,Business,Casual_work,,No,No,MMoney,Yes,15000,Yes,No,False,Yes
1072,Rural,24,No,No,No,Food,Casual_work,7000.0,No,No,MMoney,No,7000,No,No,False,No
1111,Urban,52,No,No,No,Education,Casual_work,6000.0,No,No,MMoney,No,12000,No,No,False,No
1127,Urban,42,No,Yes,Yes,Food,Casual_work,11000.0,Yes,No,MMoney,Yes,6500,No,No,False,Yes
1030,Urban,34,No,No,No,Food,Family,8000.0,No,No,MMoney,No,5000,No,No,False,No
1044,Rural,41,No,Yes,Yes,Education,Casual_work,6000.0,No,No,MMoney,Yes,7500,No,No,False,Yes
1084,Rural,36,No,No,No,Health,Casual_work,3000.0,No,No,MMoney,No,10000,No,No,False,No
1091,Urban,35,No,No,No,Health,Casual_work,15000.0,No,No,MMoney,No,12000,No,No,False,No
1130,Rural,61,No,No,No,Food,Casual_work,20000.0,No,No,MMoney,No,13000,No,No,False,No
1064,Urban,35,No,No,No,Food,Employment,30000.0,No,No,MMoney,No,20000,No,No,False,No
1083,Rural,49,No,No,No,Business,Agriculture,6700.0,No,No,MMoney,Yes,9000,No,No,False,No
1067,Urban,40,No,No,No,Food,Casual_work,15000.0,No,No,MMoney,No,10000,No,No,False,No
1080,Urban,42,No,No,No,Business,Business,,Yes,No,MMoney,No,20000,Yes,No,False,No
1014,Rural,21,No,No,No,Career,Agriculture,10000.0,No,No,MMoney,Yes,10000,No,No,False,No
1127,Rural,32,No,No,No,Food,Casual_work,4000.0,No,No,MMoney,Yes,3000,No,No,True,No
1012,Urban,65,Yes,No,No,Business,Agriculture,,No,No,MMoney,Yes,12000,Yes,No,False,Yes
1012,Rural,27,No,Yes,Yes,Food,Casual_work,20000.0,No,No,MMoney,No,10000,Yes,No,False,Yes
1074,Rural,34,Yes,Yes,No,Education,Casual_work,10000.0,No,No,MMoney,No,50000,Yes,Yes,False,Yes
1026,Urban,18,No,No,No,Business,Family,2800.0,No,No,MMoney,No,5000,No,No,False,No
1024,Urban,23,No,No,No,Health,Casual_work,7000.0,No,No,MMoney,No,7000,No,No,False,No
1055,Urban,29,No,No,No,Education,Casual_work,12000.0,No,No,MMoney,No,10000,No,No,False,No
1003,Rural,20,No,No,No,Career,Casual_work,5000.0,No,No,MMoney,Yes,3000,No,No,False,No
1011,Rural,26,Yes,No,No,Food,Agriculture,3000.0,No,No,MMoney,No,5000,Yes,Yes,True,No
1018,Urban,26,No,Yes,Yes,Career,Casual_work,10000.0,Yes,No,MMoney,No,6000,Yes,No,False,Yes
1026,Rural,31,No,Yes,Yes,Health,Employment,30000.0,No,No,MMoney,Yes,7000,No,No,True,Yes
1105,Rural,24,No,No,No,Food,Casual_work,4000.0,No,No,MMoney,No,12000,No,No,True,Yes
1098,Rural,21,No,No,No,Food,Casual_work,2000.0,No,No,MMoney,No,2000,No,No,False,No
1013,Urban,17,No,Yes,No,Food,Casual_work,10000.0,No,No,MMoney,No,15000,Yes,No,False,Yes
1018,Urban,72,No,Yes,No,Food,Family,5000.0,No,No,MMoney,No,5000,Yes,No,False,Yes
1016,Urban,45,No,Yes,No,Business,Employment,10000.0,No,No,MMoney,No,8000,Yes,No,False,Yes
1028,Urban,24,No,No,No,Food,Family,3000.0,No,No,MMoney,No,20000,Yes,Yes,False,No
1085,Urban,40,No,No,No,Food,Business,5000.0,No,No,MMoney,No,20000,Yes,No,False,No
1027,Urban,26,No,Yes,No,Education,Family,2000.0,No,No,MMoney,Yes,20000,Yes,No,False,Yes
1086,Rural,19,No,No,No,Food,Casual_work,5000.0,No,No,MMoney,Yes,5000,Yes,No,False,No
1055,Rural,65,No,No,No,Food,Agriculture,7000.0,No,No,MMoney,Yes,6000,No,No,False,No
1025,Rural,33,No,No,No,Education,Agriculture,5000.0,No,No,MMoney,Yes,4000,No,No,False,No
1109,Rural,46,No,No,No,Health,Employment,6000.0,No,No,MMoney,No,15000,No,No,False,No
1020,Urban,17,Yes,No,No,Education,Family,500.0,No,No,MMoney,No,5000,No,No,False,No
1065,Urban,23,No,Yes,No,Food,Casual_work,15000.0,No,No,MMoney,No,20000,No,No,False,Yes
1027,Rural,31,No,No,No,Food,Business,15000.0,No,No,MMoney,No,30000,Yes,Yes,False,Yes
1028,Rural,49,No,No,No,Food,Agriculture,3000.0,No,No,MMoney,Yes,2000,No,No,False,No
1105,Rural,31,Yes,No,No,Food,Casual_work,1000.0,No,No,MMoney,Yes,10300,No,No,True,No
1043,Urban,57,No,Yes,Yes,Business,Renting,5000.0,No,No,MMoney,Yes,4000,Yes,No,False,Yes
1003,Urban,32,No,Yes,Yes,Business,Employment,7000.0,Yes,No,MMoney,No,15000,Yes,No,False,Yes
1031,Rural,30,Yes,No,No,Food,Family,,No,No,MMoney,No,8000,No,No,False,No
1055,Urban,23,No,Yes,No,Career,Family,,No,No,MMoney,No,50000,Yes,No,False,Yes
1056,Rural,40,No,No,No,Business,Casual_work,4000.0,No,Yes,MMoney,No,9000,No,No,False,No
1090,Urban,18,Yes,No,No,Education,Family,1000.0,No,No,MMoney,No,10000,Yes,No,False,No
1115,Urban,42,No,Yes,No,Food,Family,10000.0,No,No,MMoney,No,10000,Yes,No,False,Yes
1072,Urban,42,No,Yes,No,Health,Employment,25000.0,No,No,MMoney,Yes,1800,Yes,No,False,Yes
1050,Urban,56,No,Yes,Yes,Business,Business,3000.0,No,No,MMoney,No,7000,Yes,No,False,Yes
1084,Rural,60,Yes,Yes,No,Food,Casual_work,1000.0,No,No,MMoney,Yes,7000,No,No,False,Yes
1060,Urban,23,No,No,Yes,Education,Family,6000.0,No,No,MMoney,No,6000,Yes,No,False,Yes
1037,Rural,17,Yes,No,No,Food,Agriculture,3000.0,No,No,MMoney,Yes,6000,No,No,True,No
1034,Urban,40,Yes,Yes,Yes,Food,Business,3000.0,No,No,MMoney,No,20000,No,No,False,Yes
1021,Urban,52,No,No,No,Health,Casual_work,24000.0,No,No,MMoney,Yes,18000,No,No,True,Yes
1027,Urban,27,No,No,No,Food,Casual_work,6000.0,No,No,MMoney,No,14000,No,No,False,No
1022,Rural,32,No,No,No,Food,Business,2000.0,No,No,MMoney,Yes,8000,No,No,False,Yes
1018,Urban,28,No,No,No,Health,Casual_work,12000.0,No,No,MMoney,No,10000,Yes,No,False,No
1004,Rural,58,Yes,No,No,Education,Agriculture,3000.0,No,No,MMoney,Yes,6000,No,No,True,No
1095,Urban,64,Yes,No,No,Food,Renting,5000.0,Yes,Yes,MMoney,Yes,15000,Yes,No,False,Yes
1033,Rural,38,No,Yes,Yes,Food,Agriculture,1500.0,No,No,MMoney,Yes,5000,No,No,False,Yes
1085,Urban,37,No,No,No,Business,Business,,No,No,MMoney,No,10000,No,Yes,False,No
1054,Urban,20,No,No,No,Home,Casual_work,10000.0,No,Yes,MMoney,No,6000,Yes,No,False,No
1090,Urban,23,No,No,No,Food,Casual_work,7000.0,No,No,MMoney,No,5000,No,No,False,No
1023,Rural,45,No,No,No,Food,Business,9000.0,No,No,MMoney,No,15000,No,No,False,Yes
1030,Rural,56,No,Yes,No,Food,Employment,40000.0,Yes,No,MMoney,Yes,20000,Yes,Yes,False,Yes
1089,Rural,27,No,Yes,Yes,Business,Business,,No,No,MMoney,Yes,7500,No,Yes,True,Yes
1097,Rural,75,Yes,Yes,No,Health,Agriculture,5000.0,No,No,MMoney,No,5000,No,No,False,Yes
1031,Rural,30,No,No,No,Career,Casual_work,1000.0,No,No,MMoney,Yes,1000,No,No,True,No
1051,Rural,56,No,No,No,Food,Casual_work,3000.0,No,No,MMoney,Yes,2500,No,No,True,No
1012,Rural,36,No,No,No,Education,Business,1000.0,No,No,MMoney,Yes,10000,Yes,Yes,False,Yes
1066,Urban,21,No,No,No,Education,Casual_work,15000.0,No,No,MMoney,No,8000,No,No,False,No
1061,Urban,72,No,Yes,No,Food,Family,10000.0,No,No,,,,No,No,False,Yes
1004,Rural,51,No,No,No,Food,Casual_work,1500.0,No,No,MMoney,No,1600,No,No,False,No
1039,Urban,49,No,No,No,Food,Agriculture,20000.0,No,No,MMoney,Yes,10000,Yes,No,False,Yes
1081,Urban,26,No,No,No,Food,Family,3000.0,No,No,MMoney,No,10000,No,No,False,Yes
1073,Rural,48,No,Yes,No,Health,Agriculture,10000.0,No,No,MMoney,No,6000,No,No,False,Yes
1038,Rural,73,No,No,No,Education,Agriculture,,No,No,MMoney,No,6000,No,No,False,Yes
1006,Urban,22,No,No,No,Education,Casual_work,10000.0,No,No,MMoney,No,8000,No,No,False,No
1117,Urban,46,No,Yes,No,Education,Casual_work,10000.0,No,No,MMoney,Yes,6000,No,No,False,Yes
1037,Rural,40,Yes,No,No,Education,Casual_work,,No,No,MMoney,No,8000,No,No,False,No
1034,Rural,31,No,No,No,Food,Business,3600.0,No,No,MMoney,No,3400,No,No,False,Yes
1005,Rural,62,Yes,No,No,Health,Agriculture,10000.0,No,No,MMoney,Yes,10000,No,No,False,No
1032,Rural,36,No,Yes,No,Education,Casual_work,20000.0,No,No,MMoney,Yes,20000,Yes,No,False,Yes
1098,Urban,59,Yes,No,No,Home,Renting,10000.0,Yes,No,MMoney,Yes,11000,Yes,No,False,No
1022,Urban,27,No,Yes,Yes,Food,Agriculture,,No,No,Bank,No,12000,No,No,False,Yes
1034,Rural,28,No,No,No,Food,Casual_work,4800.0,No,No,MMoney,Yes,5000,No,No,True,No
1132,Urban,28,No,No,No,Career,Casual_work,6000.0,No,Yes,MMoney,No,8000,No,No,False,Yes
1003,Urban,41,No,Yes,No,Education,Casual_work,6000.0,No,No,Bank,No,3000,Yes,No,False,Yes
1027,Rural,67,No,Yes,No,Health,Agriculture,6000.0,No,No,MMoney,Yes,6000,No,No,True,Yes
1001,Urban,69,No,No,No,Health,Family,1000.0,No,No,MMoney,Yes,5000,Yes,No,False,Yes
1016,Rural,34,No,No,No,Food,Casual_work,11000.0,No,No,MMoney,No,8000,No,No,False,No
1053,Urban,35,No,No,No,Food,Casual_work,3000.0,Yes,No,MMoney,No,10000,No,No,False,No
1043,Rural,30,No,No,Yes,Food,Casual_work,1000.0,No,No,MMoney,Yes,7000,No,No,False,Yes
1092,Rural,65,Yes,No,No,Health,Agriculture,1000.0,No,No,MMoney,Yes,800,No,No,False,No
1019,Rural,30,No,Yes,No,Business,Agriculture,45000.0,Yes,No,MMoney,Yes,10000,No,No,False,Yes
1099,Rural,51,No,No,No,Home,Casual_work,500.0,No,No,MMoney,No,5500,No,No,True,Yes
1049,Rural,52,No,Yes,Yes,Career,Business,50000.0,No,No,MMoney,Yes,35000,Yes,No,False,Yes
1056,Rural,17,No,No,No,Education,Casual_work,,No,No,MMoney,No,11000,No,Yes,True,No
1056,Rural,80,Yes,Yes,No,Business,Employment,8000.0,No,No,MMoney,Yes,5000,No,No,False,Yes
1016,Rural,64,No,No,No,Food,Family,500.0,No,No,MMoney,Yes,1000,No,No,False,No
1029,Rural,86,No,Yes,No,Food,Family,3000.0,No,No,MMoney,Yes,3000,No,No,True,Yes
1008,Rural,42,No,Yes,Yes,Food,Casual_work,500.0,Yes,No,MMoney,Yes,3000,No,No,True,Yes
1053,Rural,50,No,No,No,Education,Agriculture,8000.0,No,No,MMoney,Yes,8000,No,No,True,No
1131,Urban,25,Yes,No,No,Food,Casual_work,1200.0,No,No,MMoney,No,12000,Yes,No,False,Yes
1022,Urban,52,No,Yes,No,Health,Employment,18000.0,No,No,MMoney,Yes,15000,No,No,True,Yes
1128,Urban,38,No,No,No,Business,Casual_work,,No,No,MMoney,No,2000,Yes,No,False,No
1112,Urban,22,No,No,No,Food,Casual_work,17000.0,No,No,MMoney,No,10000,No,No,False,No
1071,Urban,25,No,No,No,Career,Family,,No,No,MMoney,No,20000,Yes,No,False,No
1063,Urban,37,No,Yes,Yes,Food,Employment,15000.0,Yes,No,MMoney,No,20000,Yes,Yes,False,Yes
1041,Rural,25,No,No,No,Career,Casual_work,5000.0,No,No,MMoney,No,8000,No,No,False,No
1108,Rural,42,No,No,Yes,Food,Casual_work,2000.0,No,No,MMoney,Yes,6800,No,No,True,Yes
1086,Urban,40,No,No,Yes,Food,Casual_work,4000.0,No,No,MMoney,No,10000,No,No,False,Yes
1067,Urban,17,No,No,No,None,Family,2000.0,No,No,MMoney,No,30000,Yes,Yes,False,No
1010,Rural,78,No,Yes,No,Health,Casual_work,10000.0,No,No,MMoney,No,9000,No,No,True,Yes
1049,Urban,20,No,Yes,No,Food,Casual_work,12000.0,No,Yes,Bank,No,12500,No,No,False,Yes
1064,Rural,43,No,No,No,Education,Casual_work,25000.0,No,No,MMoney,Yes,25000,No,No,True,No
1001,Urban,31,No,No,No,Food,Family,1000.0,No,No,MMoney,Yes,15000,Yes,Yes,False,Yes
1101,Urban,32,No,Yes,No,Food,Casual_work,10000.0,Yes,No,MMoney,Yes,20000,No,No,False,Yes
1015,Urban,60,Yes,Yes,No,Food,Family,2000.0,No,No,MMoney,Yes,10000,Yes,No,False,Yes
1062,Rural,52,Yes,Yes,No,Health,Employment,15000.0,No,No,MMoney,Yes,15000,No,No,False,Yes
1114,Urban,41,No,Yes,Yes,Food,Business,8000.0,Yes,No,MMoney,No,12000,Yes,Yes,False,Yes
1028,Urban,18,No,No,No,Education,Family,9000.0,No,No,MMoney,No,18000,No,No,False,No
1037,Urban,28,No,Yes,Yes,Food,Renting,5000.0,No,No,MMoney,Yes,15000,Yes,No,False,Yes
1118,Urban,30,No,No,No,Food,Casual_work,8000.0,No,No,MMoney,No,8000,No,No,False,No
1054,Urban,35,Yes,Yes,Yes,Career,Family,10000.0,No,No,MMoney,Yes,20000,Yes,Yes,False,Yes
1074,Urban,21,No,Yes,No,Food,Casual_work,,No,No,MMoney,No,15000,No,No,False,Yes
1035,Rural,36,No,No,No,Food,Agriculture,6000.0,No,No,MMoney,No,6000,No,No,True,No
1033,Urban,59,Yes,No,No,Business,Business,12000.0,No,No,MMoney,Yes,8000,No,Yes,False,Yes
1038,Urban,75,No,No,No,Health,Family,8000.0,No,No,MMoney,No,10000,No,Yes,False,No
1069,Rural,16,No,No,No,Education,Family,2000.0,No,No,MMoney,Yes,10000,No,No,False,No
1001,Rural,16,Yes,No,No,Education,Family,200.0,No,No,MMoney,Yes,3000,No,No,False,No
1124,Urban,38,No,Yes,Yes,Food,Employment,30000.0,No,No,MMoney,No,24000,Yes,No,False,Yes
1016,Urban,52,No,No,No,Food,Casual_work,6000.0,No,No,MMoney,No,8500,No,No,False,Yes
1051,Rural,52,No,No,Yes,Home,Casual_work,5000.0,No,No,MMoney,No,4600,No,No,False,Yes
1019,Urban,17,No,No,No,Food,Family,200.0,No,No,MMoney,No,10000,Yes,No,False,No
1063,Rural,33,No,Yes,Yes,Education,Casual_work,2400.0,No,No,MMoney,No,15000,No,No,False,Yes
1021,Urban,17,No,Yes,No,Education,Family,,No,No,MMoney,No,16000,No,No,False,Yes
1072,Rural,22,No,No,No,Career,Business,10000.0,No,No,MMoney,No,20000,Yes,Yes,False,Yes
1054,Rural,38,No,No,No,Health,Casual_work,2000.0,No,No,MMoney,Yes,2000,No,No,True,No
1010,Rural,37,No,No,No,Education,Agriculture,10000.0,No,No,MMoney,No,10000,No,No,False,Yes
1035,Urban,62,No,Yes,No,Food,Business,,No,No,MMoney,No,15000,No,No,True,Yes
1089,Rural,35,No,No,No,Food,Casual_work,20000.0,No,No,MMoney,No,10000,No,No,False,Yes
1026,Urban,42,Yes,Yes,Yes,Education,Casual_work,20000.0,No,No,MMoney,No,10000,No,No,False,Yes
1051,Urban,49,No,No,No,Food,Casual_work,5000.0,No,No,MMoney,Yes,5000,No,No,False,Yes
1033,Urban,19,No,No,No,Education,Family,9500.0,No,No,MMoney,No,15000,No,No,False,No
1009,Urban,30,No,Yes,Yes,Food,Casual_work,10000.0,No,No,MMoney,No,15000,Yes,No,False,Yes
1097,Urban,25,No,Yes,No,Education,Business,15000.0,Yes,No,MMoney,No,8000,Yes,No,False,Yes
1005,Urban,70,No,Yes,Yes,Health,Pension,4000.0,No,No,MMoney,Yes,15000,No,No,False,Yes
1168,Urban,53,No,No,No,Education,Employment,9000.0,No,No,MMoney,No,8000,No,Yes,False,Yes
1021,Urban,37,Yes,No,No,Food,Casual_work,,No,No,MMoney,No,6000,No,No,False,No
1085,Rural,34,No,No,No,Business,Agriculture,,No,No,MMoney,Yes,12000,Yes,No,True,No
1082,Rural,25,No,No,No,Food,Casual_work,7200.0,No,No,MMoney,No,8000,No,No,False,Yes
1039,Urban,49,No,Yes,Yes,Home,Employment,13000.0,No,No,MMoney,No,10000,Yes,No,False,Yes
1073,Rural,38,No,No,No,Education,Agriculture,5000.0,No,No,MMoney,Yes,10000,No,Yes,True,Yes
1021,Rural,52,Yes,Yes,Yes,Education,Employment,25000.0,No,No,MMoney,Yes,17600,No,No,True,Yes
1105,Rural,35,Yes,No,No,Food,Agriculture,4000.0,No,No,MMoney,Yes,20000,No,No,True,No
1050,Rural,24,No,No,No,Education,Family,,No,No,MMoney,Yes,15000,Yes,No,False,No
1022,Rural,22,No,No,No,Education,Family,2000.0,No,No,MMoney,No,30000,Yes,Yes,False,No
1030,Urban,28,No,No,No,Home,Casual_work,2000.0,No,No,MMoney,No,6000,No,No,False,No
1017,Rural,43,Yes,Yes,No,Business,Casual_work,4000.0,No,No,MMoney,Yes,3000,No,No,False,Yes
1053,Urban,31,No,Yes,Yes,Food,Casual_work,10000.0,No,No,MMoney,No,12000,Yes,No,False,Yes
1002,Rural,43,No,Yes,Yes,Food,Agriculture,3000.0,Yes,No,MMoney,Yes,20000,No,No,False,Yes
1070,Urban,26,No,No,No,Food,Casual_work,10000.0,No,No,Bank,No,12000,No,No,False,No
1052,Urban,48,Yes,No,No,Food,Business,10000.0,No,No,MMoney,Yes,10000,Yes,No,False,Yes
1063,Rural,18,No,Yes,No,Health,Family,,No,No,MMoney,Yes,4000,Yes,Yes,False,Yes
1009,Urban,19,No,No,No,Food,Family,4000.0,No,No,MMoney,No,6000,No,No,False,No
1042,Urban,25,No,Yes,No,Business,Business,60000.0,No,Yes,MMoney,No,10000,Yes,Yes,False,Yes
1019,Urban,27,Yes,No,No,Education,Family,10000.0,No,No,MMoney,No,30000,Yes,Yes,False,No
1033,Rural,60,No,No,No,Health,Casual_work,2000.0,No,No,MMoney,Yes,1000,No,No,False,No
1072,Urban,30,No,Yes,Yes,Career,Business,5000.0,No,No,MMoney,No,10000,No,No,False,Yes
1044,Rural,63,No,No,No,Health,Agriculture,,No,No,MMoney,Yes,10000,No,No,True,Yes
1080,Urban,20,No,No,No,Education,Family,1000.0,No,No,MMoney,No,20000,Yes,No,False,No
1106,Rural,32,Yes,No,No,Food,Casual_work,1000.0,No,No,MMoney,No,6000,No,No,False,No
1018,Urban,23,Yes,No,No,Food,Family,2000.0,No,No,MMoney,No,10000,No,No,False,No
1037,Urban,27,No,No,No,Career,Business,4000.0,No,No,MMoney,Yes,8000,No,No,False,No
1077,Urban,47,No,Yes,No,Business,Casual_work,6000.0,Yes,No,MMoney,Yes,22000,Yes,No,False,Yes
1107,Urban,70,No,No,No,None,Business,12500.0,No,No,MMoney,Yes,100000,Yes,Yes,False,Yes
1026,Rural,68,No,Yes,No,Food,Casual_work,1000.0,No,No,MMoney,Yes,12000,No,No,True,Yes
1048,Urban,40,No,No,No,Education,Agriculture,3000.0,No,No,MMoney,No,10000,No,Yes,False,No
1089,Urban,24,No,No,No,Food,Casual_work,15000.0,No,No,MMoney,No,15000,No,No,False,No
1088,Urban,35,No,No,No,Food,Casual_work,5000.0,No,No,MMoney,No,15000,Yes,Yes,False,No
1099,Urban,32,No,Yes,No,Business,Business,7000.0,No,Yes,MMoney,No,10000,Yes,No,False,Yes
1028,Rural,16,No,No,No,Education,Family,4000.0,No,No,MMoney,Yes,15000,No,Yes,True,No
1025,Urban,28,No,Yes,No,Food,Casual_work,8000.0,No,No,MMoney,No,10000,Yes,No,False,Yes
1018,Urban,58,No,Yes,Yes,Food,Agriculture,10000.0,Yes,No,MMoney,Yes,8000,Yes,No,False,Yes
1035,Urban,46,No,Yes,No,Education,Agriculture,20000.0,No,No,MMoney,Yes,2000,No,Yes,True,Yes
1074,Urban,36,No,Yes,No,Food,Business,10000.0,No,No,MMoney,Yes,30000,Yes,Yes,False,Yes
1015,Urban,16,No,No,No,Education,Casual_work,10000.0,No,No,MMoney,No,6000,No,Yes,False,No
1054,Urban,38,No,No,No,Health,Casual_work,12000.0,No,No,MMoney,No,12000,No,Yes,False,Yes
1029,Rural,42,Yes,No,No,Health,Family,,No,No,MMoney,No,7500,No,No,False,No
1081,Urban,23,No,No,No,Education,Casual_work,6000.0,No,No,MMoney,No,6000,No,No,False,No
1010,Rural,16,No,No,No,Food,Casual_work,10000.0,No,No,MMoney,Yes,4000,No,No,False,No
1017,Rural,52,No,No,No,Education,Agriculture,30000.0,No,Yes,MMoney,Yes,20000,No,No,False,Yes
1105,Rural,29,Yes,Yes,Yes,Food,Family,4000.0,Yes,No,MMoney,No,5000,Yes,Yes,False,Yes
1085,Urban,25,No,Yes,No,Food,Casual_work,20000.0,No,No,Bank,No,16000,No,No,False,Yes
1113,Urban,20,Yes,Yes,Yes,Education,Employment,10000.0,Yes,No,MMoney,No,3000,No,No,False,Yes
1038,Urban,40,No,No,No,Education,Business,5000.0,No,No,Bank,No,10000,No,No,False,No
1093,Urban,25,No,Yes,Yes,Career,Employment,,No,No,MMoney,Yes,5500,No,No,False,Yes
1032,Urban,23,No,Yes,No,Career,Family,5000.0,No,No,MMoney,No,7000,Yes,No,False,Yes
1113,Rural,20,Yes,No,No,Food,Casual_work,2000.0,No,No,MMoney,No,3000,No,No,True,No
1009,Rural,80,No,No,No,Food,Agriculture,4500.0,No,No,,Yes,1200,No,No,False,No
1067,Urban,29,No,Yes,Yes,Home,Employment,40000.0,Yes,No,MMoney,Yes,20000,Yes,Yes,False,Yes
1033,Urban,43,No,Yes,Yes,Business,Casual_work,1500.0,No,Yes,MMoney,No,3000,Yes,No,False,Yes
1050,Urban,30,No,No,No,Education,Business,10000.0,No,No,MMoney,No,12000,Yes,No,False,Yes
1010,Rural,39,No,No,No,Education,Business,10000.0,No,No,MMoney,Yes,8000,No,No,False,No
1017,Urban,37,No,Yes,No,Education,Business,7000.0,Yes,No,MMoney,No,12000,Yes,No,False,Yes
1007,Urban,37,No,No,No,Food,Casual_work,15000.0,No,No,MMoney,No,12000,Yes,No,False,No
1119,Rural,27,No,Yes,Yes,Food,Casual_work,50000.0,No,Yes,MMoney,No,10000,Yes,No,False,Yes
1131,Rural,25,No,No,No,Food,Casual_work,1500.0,No,No,MMoney,No,4000,No,No,False,No
1079,Urban,24,No,No,No,Business,Business,,No,No,MMoney,No,20000,Yes,No,False,No
1054,Rural,42,No,No,No,Education,Casual_work,4000.0,No,No,MMoney,Yes,6000,No,No,False,Yes
1007,Rural,30,Yes,No,No,Health,Casual_work,500.0,No,No,MMoney,Yes,1500,No,No,True,No
1103,Urban,89,No,Yes,No,Food,Family,5000.0,No,No,Bank,No,5000,No,No,False,Yes
1047,Urban,46,No,Yes,Yes,Food,Casual_work,5000.0,No,No,Bank,Yes,4000,No,No,False,Yes
1004,Rural,71,No,Yes,No,Business,Family,5000.0,No,No,MMoney,Yes,5000,Yes,No,False,Yes
1048,Urban,22,Yes,No,No,Food,Family,8000.0,No,No,Insurance,No,10000,No,No,False,No
1032,Rural,22,No,No,No,Food,Family,1500.0,No,No,MMoney,Yes,2000,No,No,False,Yes
1090,Rural,42,No,Yes,No,Business,Agriculture,15000.0,No,No,MMoney,Yes,6000,No,No,False,Yes
1073,Rural,35,No,No,No,Education,Family,,No,No,MMoney,No,13000,No,No,True,No
1085,Urban,45,No,Yes,No,Education,Business,10000.0,No,No,MMoney,Yes,15000,No,No,False,Yes
1074,Rural,95,Yes,Yes,No,Home,Family,,No,No,MMoney,Yes,8000,No,No,False,Yes
1022,Urban,17,Yes,No,No,Career,Casual_work,,No,No,Bank,No,6000,No,No,False,No
1016,Rural,26,No,Yes,No,Food,Employment,20000.0,No,No,MMoney,Yes,10000,No,Yes,False,Yes
1012,Urban,34,No,No,Yes,Career,Casual_work,6000.0,No,No,MMoney,No,7000,No,No,False,Yes
1083,Urban,31,No,Yes,No,Business,Business,8500.0,No,No,MMoney,No,12500,No,No,False,Yes
1015,Rural,22,No,No,No,Business,Business,5000.0,No,No,MMoney,No,10000,No,Yes,False,No
1034,Urban,18,Yes,No,No,Food,Casual_work,3200.0,No,No,MMoney,No,3000,No,No,False,No
1013,Urban,56,No,Yes,Yes,Home,Employment,30000.0,No,No,MMoney,Yes,10000,Yes,No,True,Yes
1052,Rural,83,No,No,No,Food,Agriculture,5000.0,No,No,MMoney,Yes,6000,No,No,False,No
1052,Rural,30,No,No,No,Food,Casual_work,12000.0,No,No,MMoney,No,10000,No,Yes,False,No
1035,Rural,23,No,No,No,Career,Agriculture,4000.0,No,No,MMoney,No,16000,No,No,True,No
1136,Rural,25,No,No,No,Business,Casual_work,600.0,No,No,MMoney,No,6000,No,No,False,No
1022,Rural,17,No,Yes,No,Health,Agriculture,1500.0,No,No,MMoney,Yes,6000,No,No,False,Yes
1057,Urban,41,No,No,No,Education,Business,10000.0,No,No,MMoney,No,10000,Yes,No,False,No
1005,Rural,70,No,No,No,Health,Family,1000.0,No,No,MMoney,Yes,2000,No,No,True,No
1007,Urban,49,No,No,No,Education,Casual_work,6000.0,No,No,MMoney,Yes,6000,No,No,False,No
1083,Urban,40,Yes,No,No,Health,Business,,No,No,MMoney,No,20000,Yes,No,False,No
1094,Rural,23,No,No,No,Education,Family,4500.0,No,No,MMoney,No,4000,Yes,No,False,No
1012,Rural,28,No,No,No,Food,Casual_work,,No,No,MMoney,Yes,6000,No,No,False,No
1115,Rural,42,No,No,No,Food,Agriculture,,No,No,MMoney,Yes,6000,No,No,True,No
1072,Urban,37,No,No,No,Food,Business,4000.0,No,No,MMoney,No,8000,Yes,No,False,Yes
1004,Rural,16,No,No,No,Health,Family,2000.0,No,No,MMoney,Yes,2000,No,No,True,No
1058,Rural,17,No,No,No,Education,Family,1500.0,No,No,MMoney,No,7500,No,No,True,No
1090,Rural,21,No,No,No,Education,Agriculture,12000.0,No,No,MMoney,Yes,6000,No,No,False,No
1082,Rural,17,No,No,No,Education,Family,,No,No,,No,7000,No,No,False,No
1072,Rural,33,No,No,No,Health,Agriculture,5000.0,No,No,MMoney,No,5000,No,No,False,Yes
1018,Rural,41,No,No,No,Food,Casual_work,4000.0,No,No,MMoney,Yes,3000,No,No,False,No
1020,Rural,98,Yes,Yes,Yes,Food,Family,3000.0,No,No,MMoney,Yes,5000,No,No,False,Yes
1046,Urban,24,No,No,No,Food,Business,6000.0,No,No,MMoney,No,6000,Yes,Yes,False,Yes
1064,Urban,40,No,Yes,Yes,Food,Casual_work,3000.0,No,No,MMoney,No,5000,Yes,No,False,Yes
1050,Rural,21,No,No,No,Career,Casual_work,4000.0,No,No,MMoney,No,6000,No,No,True,Yes
1079,Rural,21,No,No,No,Education,Casual_work,,No,No,MMoney,No,16000,Yes,Yes,True,No
1155,Urban,32,No,Yes,Yes,Food,Casual_work,9000.0,No,Yes,MMoney,No,20000,Yes,Yes,False,Yes
1014,Rural,22,No,Yes,No,Health,Casual_work,6000.0,No,No,MMoney,Yes,12000,No,Yes,True,Yes
1072,Rural,78,No,No,No,Food,Family,2000.0,No,No,MMoney,Yes,2000,No,No,True,No
1052,Rural,26,No,Yes,No,Career,Family,18000.0,No,No,MMoney,No,17000,No,Yes,False,Yes
1048,Rural,68,No,Yes,No,Food,Agriculture,8000.0,No,No,MMoney,Yes,1000,No,No,True,Yes
1011,Urban,21,No,Yes,No,Food,Family,10000.0,No,No,MMoney,No,10000,No,No,False,Yes
1077,Urban,40,No,Yes,No,Food,Casual_work,14000.0,No,No,MMoney,No,12000,No,No,False,Yes
1043,Rural,36,No,Yes,No,Career,Employment,12000.0,No,No,MMoney,No,10000,No,No,False,Yes
1073,Urban,33,No,Yes,Yes,Health,Family,,No,No,MMoney,Yes,20000,Yes,Yes,False,Yes
1026,Rural,26,No,Yes,Yes,Food,Employment,12000.0,No,No,MMoney,Yes,8000,No,No,False,Yes
1026,Urban,24,No,No,No,Education,Business,3000.0,No,No,MMoney,No,7000,Yes,No,False,No
1063,Urban,22,No,No,No,Home,Casual_work,9000.0,No,No,MMoney,No,30000,Yes,No,False,No
1141,Urban,61,Yes,No,No,Food,Family,5000.0,No,No,MMoney,Yes,30000,No,Yes,False,Yes
1077,Urban,34,No,No,No,Education,Family,4000.0,No,No,MMoney,Yes,8000,No,No,False,No
1025,Urban,33,No,Yes,No,Food,Family,5000.0,No,No,MMoney,Yes,20000,Yes,No,False,Yes
1022,Rural,58,No,Yes,No,Health,Business,20000.0,Yes,No,MMoney,Yes,16000,Yes,Yes,False,Yes
1029,Urban,41,No,No,No,Food,Casual_work,10000.0,No,No,MMoney,No,10000,Yes,No,False,No
1034,Urban,61,No,Yes,Yes,Health,Employment,25000.0,No,No,MMoney,Yes,10000,No,No,False,Yes
1030,Rural,30,No,Yes,No,Food,Casual_work,9000.0,No,No,MMoney,No,6000,No,No,True,Yes
1005,Rural,19,No,No,No,Career,Casual_work,2000.0,No,No,MMoney,No,20000,No,No,True,No
1149,Urban,57,No,Yes,No,Food,Business,15000.0,No,No,Bank,No,20000,No,No,False,Yes
1095,Rural,28,No,No,No,Food,Casual_work,15000.0,No,No,MMoney,No,7000,No,No,False,No
1071,Rural,29,No,Yes,No,Education,Agriculture,10000.0,No,No,MMoney,No,15000,No,No,False,Yes
1057,Rural,56,Yes,No,No,Health,Agriculture,5000.0,No,No,MMoney,Yes,5000,No,No,False,Yes
1003,Rural,44,No,Yes,Yes,Education,Casual_work,10000.0,No,No,MMoney,Yes,18000,Yes,No,True,Yes
1015,Urban,16,No,No,No,Education,Family,,No,No,MMoney,No,16000,Yes,No,False,No
1021,Urban,23,No,No,No,Food,Family,3000.0,No,No,MMoney,No,10000,Yes,No,False,No
1094,Urban,43,No,Yes,Yes,None,Business,12500.0,Yes,No,MMoney,Yes,150000,Yes,Yes,False,Yes
1083,Rural,60,Yes,No,No,Food,Agriculture,,No,No,MMoney,Yes,5000,No,No,False,Yes
1040,Rural,51,No,No,No,Food,Casual_work,14000.0,No,Yes,MMoney,No,12000,No,No,False,Yes
1052,Urban,35,No,No,No,Food,Business,5000.0,No,No,MMoney,Yes,10000,Yes,No,False,Yes
1108,Urban,23,No,No,No,Food,Family,500.0,No,No,MMoney,No,500,No,No,False,No
1051,Urban,60,No,No,Yes,Food,Business,,Yes,No,MMoney,Yes,13000,No,Yes,False,Yes
1084,Rural,47,Yes,Yes,No,Education,Employment,5000.0,No,No,MMoney,No,12000,No,No,False,Yes
1031,Rural,30,No,Yes,Yes,Food,Employment,8000.0,No,No,MMoney,Yes,15000,Yes,No,True,Yes
1069,Rural,34,No,No,No,Education,Casual_work,20000.0,No,No,MMoney,Yes,20000,No,No,True,No
1086,Rural,45,No,Yes,No,Education,Agriculture,,No,No,MMoney,No,15000,No,Yes,True,Yes
1049,Rural,17,Yes,No,No,Health,Family,200.0,No,No,,No,3000,No,No,True,No
1053,Rural,48,No,No,No,Education,Agriculture,15000.0,No,No,MMoney,Yes,10000,No,Yes,False,No
1023,Urban,30,No,No,No,Education,Family,,No,No,MMoney,No,11500,No,No,False,No
1003,Urban,16,No,No,No,Education,Family,,No,No,MMoney,No,7000,No,No,False,No
1091,Rural,25,No,No,No,Food,Casual_work,500.0,No,No,MMoney,No,5000,No,No,False,Yes
1047,Rural,82,No,No,No,Food,Aid,3000.0,No,No,MMoney,Yes,3000,No,No,False,No
1062,Rural,31,No,Yes,No,Health,Casual_work,10000.0,No,No,MMoney,Yes,18000,Yes,No,False,Yes
1156,Urban,27,No,No,No,Career,Casual_work,1000.0,No,No,MMoney,No,8000,No,No,False,No
1090,Urban,43,No,No,No,Health,Employment,15000.0,No,No,MMoney,No,15000,No,No,False,Yes
1010,Rural,59,Yes,No,No,Education,Agriculture,10000.0,No,No,MMoney,No,10000,No,No,False,Yes
1006,Urban,29,No,No,No,Business,Business,20000.0,No,No,Bank,No,15000,Yes,No,False,No
1017,Urban,36,No,Yes,No,Education,Casual_work,10000.0,No,No,MMoney,No,10000,No,No,False,Yes
1010,Urban,19,No,No,No,Food,Family,8000.0,No,No,MMoney,No,8000,Yes,Yes,False,No
1074,Urban,22,No,No,No,Career,Employment,10000.0,No,No,MMoney,Yes,12000,Yes,No,False,No
1056,Urban,32,No,Yes,Yes,Food,Family,10000.0,No,No,MMoney,No,20000,Yes,No,False,Yes
1050,Rural,45,No,No,No,Health,Employment,2000.0,No,No,MMoney,Yes,2000,No,No,False,Yes
1077,Rural,30,No,Yes,No,Food,Agriculture,4000.0,No,No,Bank,No,20000,Yes,No,True,Yes
1024,Rural,26,No,No,No,Business,Agriculture,9600.0,Yes,No,MMoney,Yes,12000,No,Yes,False,Yes
1039,Urban,35,No,Yes,Yes,Food,Family,1500.0,No,No,MMoney,No,30000,No,No,False,Yes
1034,Urban,29,No,No,No,Health,Family,20000.0,No,No,MMoney,No,25000,Yes,Yes,False,No
1021,Rural,48,No,Yes,No,Food,Casual_work,3000.0,No,No,MMoney,Yes,11000,No,No,False,Yes
1027,Urban,84,Yes,No,No,Food,Family,8000.0,No,No,MMoney,Yes,900,No,No,False,No
1163,Rural,45,No,No,No,Home,Agriculture,,No,No,MMoney,Yes,12000,No,No,False,No
1069,Urban,25,No,No,No,None,Casual_work,10000.0,No,No,Bank,Yes,10000,No,No,False,No
1112,Rural,23,No,No,No,Education,Family,2000.0,No,No,MMoney,Yes,20000,No,Yes,False,No
1082,Rural,38,No,Yes,No,Food,Employment,5000.0,No,No,MMoney,Yes,5000,No,No,True,Yes
1047,Rural,32,No,No,No,Food,Casual_work,3000.0,No,No,MMoney,Yes,6000,No,No,False,No
1116,Urban,29,No,No,No,Food,Casual_work,2500.0,No,No,MMoney,No,5000,No,No,False,No
1147,Urban,24,No,No,No,Career,Agriculture,5000.0,No,No,MMoney,Yes,15000,Yes,Yes,False,No
1091,Rural,60,No,No,No,Food,Casual_work,10000.0,No,No,MMoney,Yes,20000,Yes,No,False,No
1069,Urban,67,No,No,No,Business,Pension,15000.0,Yes,No,MMoney,Yes,15000,Yes,No,True,Yes
1076,Rural,54,Yes,No,No,Food,Agriculture,,No,No,MMoney,Yes,4000,No,No,False,Yes
1020,Rural,16,No,No,No,Education,Casual_work,60000.0,No,No,MMoney,,,No,No,False,No
1009,Urban,40,No,Yes,Yes,Business,Employment,10000.0,No,No,MMoney,No,20000,Yes,No,True,Yes
1045,Rural,19,No,Yes,No,Education,Family,4000.0,No,No,MMoney,Yes,20000,No,Yes,True,Yes
1016,Rural,32,No,No,No,Education,Agriculture,10000.0,No,No,MMoney,No,4000,No,No,True,No
1072,Urban,17,No,No,No,Education,Family,2000.0,No,No,MMoney,No,15000,Yes,No,False,No
1079,Rural,35,No,No,No,Health,Casual_work,10000.0,No,No,MMoney,No,10000,No,No,False,No
1035,Urban,22,No,No,No,Business,Casual_work,8000.0,No,No,Bank,No,8000,No,No,False,No
1033,Rural,30,No,Yes,No,Food,Agriculture,6000.0,No,No,Bank,No,5000,No,No,False,Yes
1115,Rural,65,No,Yes,No,Health,Casual_work,500.0,No,No,MMoney,Yes,12000,No,No,False,Yes
1029,Urban,30,No,No,No,Food,Casual_work,13000.0,No,No,MMoney,No,17000,No,No,False,Yes
1058,Urban,37,No,No,No,Food,Casual_work,15000.0,No,No,MMoney,No,30000,Yes,No,False,No
1024,Rural,55,No,No,No,Education,Agriculture,5000.0,No,No,MMoney,No,8000,No,No,False,No
1015,Urban,44,No,No,No,Home,Business,,No,No,MMoney,No,4000,No,No,False,No
1126,Urban,36,No,No,No,Education,Business,40000.0,No,No,Bank,No,20000,No,Yes,False,No
1009,Urban,71,Yes,No,No,Food,Family,3000.0,No,No,MMoney,Yes,15000,Yes,No,False,Yes
1077,Rural,16,No,No,No,Education,Family,5000.0,No,No,MMoney,Yes,9000,Yes,No,True,No
1030,Rural,67,Yes,No,No,Health,Agriculture,6000.0,No,No,MMoney,Yes,6000,No,No,False,Yes
1081,Urban,31,No,No,No,Food,Business,6000.0,No,No,MMoney,No,20000,Yes,No,False,Yes
1041,Rural,58,No,No,No,Business,Agriculture,5000.0,No,No,MMoney,Yes,10000,No,No,False,No
1044,Rural,35,Yes,No,No,Food,Casual_work,5000.0,No,No,MMoney,Yes,4000,No,No,False,No
1079,Rural,35,No,Yes,No,Food,Casual_work,15000.0,No,No,Bank,No,15000,No,No,False,Yes
1003,Urban,29,No,Yes,No,Food,Casual_work,5000.0,No,No,MMoney,No,600,No,No,False,Yes
1050,Rural,20,No,No,No,Career,Casual_work,1600.0,No,No,MMoney,Yes,2000,No,No,False,No
1003,Rural,32,No,Yes,No,Business,Agriculture,8000.0,No,No,MMoney,Yes,8000,No,No,True,Yes
1035,Rural,17,No,No,No,Education,Family,200.0,No,No,MMoney,No,15500,No,No,True,No
1022,Urban,21,Yes,No,No,Education,Casual_work,3000.0,No,No,MMoney,Yes,10000,No,No,False,No
1058,Urban,57,No,Yes,Yes,Food,Business,40000.0,Yes,No,MMoney,Yes,30000,Yes,Yes,False,Yes
1052,Urban,19,No,No,No,Education,Family,1000.0,No,No,MMoney,No,14000,Yes,No,False,No
1145,Rural,20,No,No,No,Food,Casual_work,1500.0,No,No,MMoney,Yes,2000,No,No,False,No
1061,Urban,30,No,No,No,Food,Casual_work,3000.0,No,No,MMoney,No,15000,No,No,False,No
1050,Urban,46,No,Yes,No,Health,Employment,25000.0,No,No,MMoney,No,17000,Yes,Yes,False,Yes
1097,Urban,50,No,No,No,Education,Business,5000.0,No,No,MMoney,No,10000,No,No,False,No
1022,Rural,29,No,Yes,No,Education,Family,5000.0,No,No,MMoney,No,10000,Yes,No,False,Yes
1144,Urban,56,No,Yes,Yes,Food,Business,50000.0,No,No,MMoney,Yes,50000,No,Yes,False,Yes
1027,Urban,27,No,No,No,Education,Casual_work,10000.0,No,No,MMoney,No,15000,No,Yes,False,No
1039,Rural,40,No,No,No,Food,Casual_work,3000.0,No,No,MMoney,No,4000,No,No,False,No
1105,Rural,81,No,No,No,Food,Aid,5000.0,No,No,MMoney,Yes,3000,No,No,False,Yes
1010,Urban,26,No,No,No,Food,Family,5000.0,No,No,MMoney,No,30000,No,No,False,No
1128,Urban,33,No,No,No,Food,Family,6000.0,No,No,MMoney,No,8000,Yes,No,False,No
1068,Urban,28,No,Yes,Yes,Career,Business,15000.0,No,No,MMoney,No,30000,Yes,Yes,False,Yes
1090,Rural,77,Yes,No,No,Food,Agriculture,,No,No,MMoney,Yes,4000,No,No,False,Yes
1014,Rural,52,Yes,Yes,No,Health,Casual_work,20000.0,No,No,MMoney,No,15000,No,No,False,Yes
1030,Urban,59,No,Yes,No,Health,Employment,25000.0,No,No,MMoney,Yes,15000,Yes,Yes,False,Yes
1060,Urban,40,No,No,No,Business,Agriculture,,No,No,MMoney,No,18000,Yes,Yes,False,No
1089,Rural,66,Yes,No,No,Food,Agriculture,1000.0,No,No,MMoney,Yes,2000,No,No,False,No
1042,Urban,65,No,No,No,Food,Business,8000.0,No,No,MMoney,No,8000,No,No,False,Yes
1022,Rural,58,Yes,No,No,Food,Agriculture,1000.0,No,No,MMoney,Yes,1000,No,No,True,No
1008,Urban,21,No,No,No,Career,Family,5000.0,No,No,MMoney,Yes,30000,No,No,False,No
1065,Rural,25,No,No,No,Food,Casual_work,3000.0,No,No,MMoney,No,3000,No,No,False,No
1086,Urban,51,No,Yes,Yes,Food,Business,,No,No,MMoney,No,10000,Yes,Yes,False,Yes
1019,Rural,16,Yes,No,No,Food,Family,500.0,No,No,MMoney,Yes,5000,No,No,True,No
1092,Rural,28,No,No,No,Health,Casual_work,1000.0,No,No,MMoney,Yes,2000,No,No,True,No
1045,Urban,28,No,No,No,Food,Casual_work,14000.0,No,No,MMoney,No,14000,No,No,False,Yes
1052,Urban,21,No,No,No,Career,Casual_work,3000.0,No,No,MMoney,No,15000,No,No,False,No
1001,Urban,31,No,Yes,Yes,Business,Business,10000.0,Yes,No,MMoney,Yes,10000,Yes,Yes,False,Yes
1025,Rural,68,No,No,No,Business,Agriculture,,Yes,No,MMoney,Yes,10000,No,No,False,Yes
1028,Rural,46,No,Yes,Yes,Home,Employment,,Yes,No,MMoney,Yes,30000,Yes,Yes,False,Yes
1007,Rural,65,No,No,No,Food,Casual_work,2500.0,No,No,MMoney,Yes,1000,No,No,False,No
1111,Rural,52,No,No,No,Food,Agriculture,,No,No,MMoney,Yes,12000,No,No,False,Yes
1057,Urban,46,No,No,No,Health,Casual_work,12000.0,No,No,MMoney,No,8000,No,No,False,No
1042,Urban,28,No,Yes,No,Business,Family,,No,No,MMoney,No,15000,Yes,No,False,Yes
1045,Urban,33,No,Yes,No,Career,Employment,15000.0,No,No,MMoney,No,20000,No,Yes,False,Yes
1080,Rural,22,No,No,No,Business,Casual_work,3000.0,No,No,MMoney,No,15000,No,No,False,No
1105,Urban,36,No,No,No,Education,Casual_work,5000.0,No,No,MMoney,No,7000,No,No,False,No
1040,Rural,26,No,No,No,Health,Casual_work,3000.0,No,No,MMoney,Yes,6000,No,No,True,No
1170,Urban,32,No,No,No,Business,Business,,No,No,MMoney,No,12000,No,Yes,False,Yes
1049,Rural,73,Yes,Yes,No,Food,Agriculture,5000.0,No,No,MMoney,Yes,5000,No,No,True,Yes
1154,Rural,28,No,No,No,Education,Casual_work,1800.0,No,No,MMoney,Yes,6500,No,No,True,No
1002,Rural,67,No,Yes,No,Business,Agriculture,15000.0,Yes,No,MMoney,Yes,10000,No,Yes,True,Yes
1084,Urban,52,No,No,No,Food,Business,7000.0,No,Yes,MMoney,Yes,20000,Yes,No,False,No
1055,Urban,30,No,No,No,Food,Casual_work,,No,No,,No,3000,No,No,False,No
1065,Rural,49,No,Yes,Yes,Food,Family,1500.0,Yes,No,MMoney,Yes,4000,Yes,No,False,Yes
1045,Rural,37,No,No,No,Education,Casual_work,5200.0,No,No,MMoney,No,6000,No,No,False,Yes
1033,Urban,42,No,No,No,Health,Casual_work,10000.0,No,No,MMoney,No,10000,No,No,False,Yes
1022,Urban,51,Yes,No,No,Health,Agriculture,,No,No,MMoney,Yes,2000,No,No,False,No
1015,Rural,21,No,No,No,Career,Casual_work,4000.0,No,Yes,MMoney,Yes,7000,No,No,False,Yes
1055,Urban,29,No,No,No,Business,Business,10000.0,No,No,MMoney,No,15000,No,No,True,Yes
1014,Urban,29,No,Yes,No,Food,Family,,No,No,MMoney,No,10000,No,No,False,Yes
1101,Urban,25,No,No,No,Food,Casual_work,,No,No,MMoney,No,10000,Yes,No,False,No
1030,Rural,25,No,No,No,Food,Casual_work,6000.0,No,No,MMoney,No,5000,No,No,False,No
1064,Rural,40,No,No,No,Business,Agriculture,5000.0,No,No,MMoney,Yes,5000,No,No,False,No
1067,Urban,42,No,Yes,No,Food,Casual_work,17000.0,No,No,Bank,No,17000,No,No,False,Yes
1083,Rural,56,Yes,No,No,Education,Agriculture,2000.0,No,No,MMoney,No,5000,No,No,False,No
1032,Urban,52,No,No,No,Food,Casual_work,8000.0,No,No,MMoney,No,8000,No,No,False,No
1040,Rural,74,No,No,No,Food,Agriculture,5000.0,No,No,Bank,Yes,5000,No,No,False,No
1043,Rural,54,No,No,No,Food,Agriculture,5000.0,No,No,MMoney,Yes,5000,No,No,True,Yes
1080,Rural,30,No,No,No,Business,Agriculture,12500.0,No,No,MMoney,Yes,10000,No,No,True,No
1035,Urban,35,No,Yes,Yes,Food,Casual_work,20000.0,No,No,MMoney,Yes,15000,Yes,No,True,Yes
1009,Rural,37,Yes,No,No,Food,Agriculture,10000.0,No,No,MMoney,Yes,10000,No,Yes,True,Yes
1073,Urban,26,No,No,No,Education,Casual_work,10000.0,No,No,MMoney,No,10000,No,No,False,No
1024,Rural,55,No,No,No,Education,Casual_work,10000.0,No,No,MMoney,Yes,7000,No,No,False,Yes
1053,Urban,36,No,Yes,No,Health,Casual_work,25000.0,No,No,MMoney,No,25000,Yes,Yes,False,Yes
1021,Urban,23,No,No,No,Education,Agriculture,15000.0,No,No,MMoney,No,10000,No,No,False,No
1092,Rural,78,No,No,No,Food,Agriculture,5000.0,No,No,MMoney,Yes,5000,No,No,False,No
1096,Rural,46,No,No,No,Food,Agriculture,200.0,No,No,MMoney,Yes,6000,No,No,False,No
1043,Urban,67,Yes,Yes,No,Health,Employment,10000.0,No,No,MMoney,No,15000,No,No,False,Yes
1020,Rural,73,No,Yes,No,Food,Agriculture,10000.0,No,No,MMoney,Yes,10000,No,No,True,Yes
1068,Rural,28,No,No,No,Food,Casual_work,8000.0,No,No,MMoney,Yes,5000,No,No,True,Yes
1089,Rural,18,No,Yes,No,Food,Business,4000.0,No,No,MMoney,No,12000,No,No,False,Yes
1061,Urban,38,No,Yes,Yes,Education,Family,10000.0,Yes,Yes,MMoney,Yes,20000,Yes,Yes,False,Yes
1038,Rural,38,No,No,No,Food,Casual_work,3000.0,No,No,MMoney,Yes,3000,No,No,True,No
1061,Urban,18,No,No,No,Education,Family,1000.0,No,No,MMoney,No,15000,No,Yes,False,No
1120,Rural,24,No,No,No,Career,Casual_work,6000.0,No,No,MMoney,No,4000,No,No,False,No
1067,Rural,35,No,No,No,Education,Casual_work,4000.0,No,No,MMoney,Yes,10000,No,No,True,No
1023,Rural,24,No,No,No,Business,Family,,No,No,MMoney,No,15000,Yes,No,True,No
1083,Rural,51,Yes,No,No,Food,Agriculture,5000.0,No,No,MMoney,Yes,6000,No,Yes,False,Yes
1076,Rural,17,Yes,No,No,Education,Family,100.0,No,No,MMoney,No,6000,No,No,True,No
1011,Rural,52,No,No,No,Health,Agriculture,20000.0,No,No,MMoney,Yes,20000,No,No,False,Yes
1085,Rural,20,No,No,No,Education,Employment,10000.0,No,No,Bank,No,10000,No,No,False,No
1065,Rural,22,No,No,No,Education,Agriculture,8000.0,No,No,MMoney,Yes,6000,No,No,True,Yes
1006,Rural,25,Yes,Yes,No,Career,Business,20000.0,No,No,MMoney,No,20000,Yes,Yes,False,Yes
1037,Rural,26,No,No,No,Education,Casual_work,2000.0,No,No,MMoney,No,3000,No,No,False,Yes
1044,Urban,36,No,No,No,Food,Business,5000.0,Yes,No,MMoney,,5000,Yes,No,False,No
1090,Urban,23,No,Yes,Yes,Food,Casual_work,12000.0,No,Yes,Bank,No,14000,No,No,False,Yes
1122,Rural,60,No,No,No,Food,Casual_work,9000.0,No,No,MMoney,No,10000,No,No,False,No
1017,Urban,58,Yes,Yes,Yes,Health,Employment,60000.0,Yes,No,MMoney,Yes,30000,Yes,Yes,False,Yes
1100,Urban,45,No,Yes,Yes,Education,Casual_work,20000.0,Yes,No,MMoney,No,8000,No,No,False,Yes
1043,Rural,23,No,No,No,Food,Casual_work,3000.0,No,No,MMoney,No,5000,Yes,No,False,No
1017,Rural,46,No,Yes,No,Food,Family,1000.0,No,No,MMoney,Yes,10000,Yes,No,True,Yes
1036,Rural,24,No,No,No,Business,Agriculture,30000.0,No,No,MMoney,No,5000,Yes,No,True,Yes
1005,Rural,59,No,No,No,Food,Agriculture,3000.0,No,No,MMoney,Yes,5000,No,No,True,Yes
1083,Urban,33,No,Yes,Yes,Food,Casual_work,5000.0,No,No,MMoney,No,5000,No,No,False,Yes
1063,Rural,19,No,No,No,Food,Family,,No,No,MMoney,No,7000,No,No,False,No
1026,Rural,36,No,No,No,Food,Casual_work,4000.0,No,No,MMoney,Yes,4000,No,No,False,No
1096,Rural,84,No,No,No,Education,Agriculture,2000.0,No,No,MMoney,Yes,1000,No,No,True,No
1110,Urban,40,No,No,No,Food,Casual_work,5000.0,No,No,MMoney,No,10000,Yes,No,False,No
1099,Rural,45,No,Yes,Yes,Education,Agriculture,70000.0,Yes,No,MMoney,Yes,70000,Yes,No,False,Yes
1043,Urban,16,No,No,No,Education,Family,100.0,No,No,MMoney,No,18000,Yes,No,False,No
1016,Rural,26,No,Yes,No,Education,Family,20000.0,No,No,MMoney,Yes,11000,No,No,True,Yes
1109,Rural,36,Yes,No,No,Health,Agriculture,2000.0,No,No,MMoney,Yes,6000,No,No,False,No
1062,Urban,41,No,Yes,No,Home,Casual_work,20000.0,No,No,MMoney,No,15000,Yes,Yes,False,Yes
1075,Rural,28,No,No,No,Food,Casual_work,2000.0,No,No,MMoney,Yes,2000,No,No,True,No
1016,Rural,41,No,Yes,No,Health,Agriculture,15000.0,No,No,MMoney,No,2100,No,No,False,Yes
1076,Urban,17,No,No,No,Education,Family,9000.0,No,No,MMoney,No,10000,No,No,False,No
1053,Urban,69,Yes,Yes,No,Food,Business,5000.0,No,Yes,MMoney,Yes,20000,No,No,False,Yes
1070,Rural,56,No,No,No,Food,Agriculture,,No,No,MMoney,Yes,5000,No,No,True,Yes
1047,Urban,26,No,No,No,Career,Casual_work,20000.0,No,No,MMoney,No,18000,No,No,False,No
1088,Urban,26,No,No,No,Education,Casual_work,600.0,No,No,Bank,No,500,No,No,False,No
1079,Urban,34,No,No,No,Career,Employment,14000.0,No,Yes,MMoney,No,10000,No,No,False,No
1093,Urban,70,Yes,Yes,Yes,Food,Agriculture,20000.0,No,No,MMoney,Yes,5000,Yes,Yes,False,Yes
1058,Urban,43,No,Yes,No,Education,Business,15000.0,No,No,MMoney,No,8000,No,No,False,Yes
1020,Urban,30,No,No,No,Health,Business,20000.0,No,No,MMoney,No,15000,No,No,False,Yes
1028,Rural,59,No,Yes,Yes,Food,Business,80000.0,Yes,No,MMoney,Yes,20000,Yes,Yes,False,Yes
1109,Rural,31,No,No,No,Education,Agriculture,5000.0,No,No,MMoney,No,5000,No,No,True,Yes
1108,Urban,36,No,No,No,Health,Casual_work,15000.0,No,No,MMoney,No,13000,No,No,False,No
1027,Rural,76,Yes,Yes,Yes,Food,Family,2000.0,Yes,No,MMoney,Yes,10000,Yes,Yes,False,Yes
1028,Urban,68,No,No,No,Food,Casual_work,,No,Yes,Bank,Yes,2000,No,No,False,No
1100,Urban,40,No,No,No,Food,Casual_work,2000.0,No,No,MMoney,No,1500,Yes,No,False,No
1030,Urban,31,No,No,No,Food,Casual_work,5000.0,No,No,MMoney,Yes,3000,No,No,True,No
1071,Rural,47,No,Yes,Yes,Home,Employment,,Yes,No,MMoney,Yes,30000,Yes,Yes,False,Yes
1003,Rural,45,No,No,No,Education,Agriculture,,No,No,MMoney,No,7500,No,No,True,No
1063,Urban,28,No,No,No,Career,Casual_work,9000.0,No,No,MMoney,No,5000,No,No,False,No
1059,Urban,23,No,Yes,No,Home,Business,8000.0,No,No,MMoney,No,8000,Yes,No,False,Yes
1015,Urban,37,No,No,No,Health,Casual_work,14000.0,No,No,MMoney,No,12000,No,No,False,No
1005,Rural,81,No,No,No,Health,Family,600.0,No,No,MMoney,Yes,3200,No,No,True,No
1084,Urban,20,No,No,No,Career,Employment,12000.0,No,No,MMoney,Yes,30000,Yes,Yes,False,No
1007,Rural,52,No,Yes,No,Health,Agriculture,6000.0,No,No,MMoney,Yes,2000,No,No,False,Yes
1055,Urban,31,No,No,No,Food,Business,15000.0,No,No,MMoney,No,10000,No,No,False,Yes
1021,Rural,16,No,No,No,Education,Family,,No,No,MMoney,No,5000,No,No,False,No
1042,Rural,45,No,Yes,Yes,Education,Agriculture,15000.0,No,No,MMoney,Yes,30000,No,No,False,Yes
1054,Rural,75,Yes,No,No,Food,Agriculture,10000.0,No,No,MMoney,Yes,3000,No,No,False,Yes
1011,Rural,80,No,No,No,Health,Aid,2000.0,No,No,MMoney,Yes,2500,No,No,False,No
1128,Rural,22,No,No,No,Education,Casual_work,1000.0,No,No,MMoney,No,10000,No,No,False,No
1004,Urban,42,No,Yes,No,Health,Employment,30000.0,No,No,MMoney,Yes,2000,No,No,False,Yes
1062,Urban,27,No,No,No,Assets,Business,40000.0,No,No,Bank,No,15000,Yes,Yes,False,No
1017,Urban,48,No,Yes,No,Career,Employment,10000.0,No,No,MMoney,No,10000,No,No,False,Yes
1099,Rural,58,No,No,No,Food,Agriculture,6000.0,No,No,MMoney,Yes,5000,No,No,True,Yes
1071,Urban,30,No,No,No,Food,Employment,9000.0,No,No,MMoney,No,30000,Yes,No,False,Yes
1046,Urban,30,No,No,Yes,Business,Employment,40000.0,Yes,No,Bank,No,27000,Yes,Yes,False,Yes
1089,Urban,35,Yes,No,No,Career,Casual_work,5000.0,No,No,MMoney,No,4800,No,No,False,No
1057,Rural,23,No,No,No,Education,Family,1500.0,No,No,MMoney,No,8500,No,No,False,Yes
1096,Urban,40,No,No,No,Business,Casual_work,8000.0,No,No,MMoney,No,7000,No,No,False,No
1069,Urban,25,No,No,Yes,Education,Family,10000.0,No,No,MMoney,No,5000,Yes,No,False,Yes
1044,Urban,20,No,No,No,Food,Casual_work,12000.0,No,No,MMoney,No,12000,No,Yes,False,Yes
1055,Urban,30,No,Yes,Yes,Career,Employment,10000.0,Yes,Yes,MMoney,Yes,8000,No,No,False,Yes
1051,Rural,31,No,No,No,Food,Family,10000.0,No,No,Bank,No,10000,Yes,No,False,No
1082,Rural,23,No,No,No,Health,Employment,10000.0,No,No,MMoney,No,2000,No,No,False,No
1003,Urban,40,No,Yes,Yes,Business,Casual_work,,No,No,MMoney,No,10000,Yes,No,False,Yes
1012,Rural,58,No,Yes,Yes,Food,Agriculture,2000.0,No,No,MMoney,Yes,5000,Yes,No,False,Yes
1036,Rural,26,No,No,Yes,Business,Employment,6000.0,Yes,Yes,MMoney,No,8000,Yes,No,False,Yes
1011,Rural,39,Yes,Yes,Yes,Education,Casual_work,5000.0,No,No,MMoney,Yes,8000,No,No,True,Yes
1004,Urban,35,No,Yes,Yes,Food,Casual_work,15000.0,No,No,MMoney,No,12000,No,No,False,Yes
1014,Urban,25,No,No,No,Education,Family,10000.0,No,No,MMoney,Yes,15000,No,Yes,True,Yes
1070,Urban,30,No,No,No,Health,Employment,6000.0,No,No,MMoney,No,16000,No,Yes,False,No
1054,Rural,55,No,No,No,Education,Agriculture,10000.0,No,No,MMoney,Yes,10000,No,No,True,No
1044,Rural,37,No,No,No,Health,Casual_work,4000.0,No,No,MMoney,Yes,3000,No,No,True,No
1041,Urban,35,No,No,No,Food,Business,6000.0,Yes,Yes,MMoney,No,20000,Yes,No,False,Yes
1035,Urban,34,No,Yes,No,Food,Business,10000.0,No,No,MMoney,No,10500,No,No,False,Yes
1058,Rural,58,No,No,No,Food,Casual_work,5000.0,No,No,MMoney,Yes,5000,No,No,True,No
1101,Urban,30,No,No,No,Education,Casual_work,5000.0,No,No,Bank,No,8000,No,No,False,No
1098,Rural,47,No,No,No,Food,Agriculture,3000.0,No,No,MMoney,Yes,5000,No,No,False,No
1055,Rural,28,No,Yes,No,Food,Casual_work,1500.0,No,No,MMoney,Yes,5000,No,No,False,Yes
1138,Rural,45,No,No,No,Education,Casual_work,6000.0,No,No,MMoney,Yes,13000,No,No,False,Yes
1077,Rural,49,No,Yes,Yes,Education,Agriculture,,No,No,MMoney,Yes,8000,No,No,True,Yes
1081,Urban,31,No,No,No,Food,Business,6000.0,No,No,MMoney,No,8000,Yes,No,False,No
1050,Rural,27,No,No,No,Food,Agriculture,,Yes,No,MMoney,No,6000,No,Yes,False,Yes
1132,Urban,63,No,No,No,Food,Employment,8000.0,No,No,MMoney,Yes,6000,No,No,False,No
1117,Rural,64,Yes,No,No,Food,Agriculture,6000.0,No,No,MMoney,Yes,6000,No,No,False,No
1111,Urban,22,No,No,No,Education,Casual_work,15000.0,No,No,MMoney,No,16000,No,No,False,No
1138,Urban,22,No,Yes,Yes,Career,Casual_work,18000.0,Yes,Yes,MMoney,No,25000,No,No,False,Yes
1073,Rural,60,Yes,No,No,Food,Family,1500.0,No,No,MMoney,Yes,1500,No,No,False,Yes
1082,Urban,62,No,Yes,No,Food,Casual_work,4000.0,No,No,MMoney,No,5000,Yes,No,False,Yes
1057,Urban,21,No,Yes,Yes,Food,Employment,28000.0,Yes,No,Bank,No,27000,No,No,False,Yes
1098,Rural,45,No,Yes,No,Food,Casual_work,5000.0,No,No,MMoney,Yes,10000,Yes,No,False,Yes
1091,Urban,25,No,No,No,Business,Employment,7500.0,No,No,Bank,No,5000,No,No,False,No
1073,Urban,32,No,Yes,Yes,Food,Employment,12000.0,No,No,MMoney,No,15000,Yes,No,False,Yes
1079,Urban,29,No,No,No,Education,Employment,21000.0,No,No,Bank,No,7000,No,No,False,No
1082,Urban,27,No,No,No,Food,Family,4000.0,No,No,MMoney,No,10000,No,No,True,Yes
1054,Rural,27,No,No,No,Education,Agriculture,2000.0,No,No,MMoney,Yes,3000,No,No,False,No
1035,Rural,24,Yes,No,No,Health,Casual_work,20000.0,No,No,MMoney,Yes,25000,No,No,False,Yes
1093,Urban,23,No,No,No,Food,Casual_work,6000.0,No,No,MMoney,No,10000,No,No,False,No
1106,Rural,31,No,Yes,Yes,Home,Business,24000.0,Yes,No,MMoney,Yes,15000,Yes,Yes,True,Yes
1049,Rural,70,No,No,Yes,Food,Employment,4000.0,No,No,MMoney,Yes,3500,No,No,False,Yes
1032,Urban,28,No,No,No,Career,Business,20000.0,No,No,MMoney,No,15000,No,No,False,No
1121,Rural,16,No,No,No,Education,Casual_work,3200.0,No,No,MMoney,No,9000,No,No,True,No
1073,Rural,33,No,No,No,Food,Agriculture,3000.0,No,No,MMoney,Yes,4000,No,Yes,False,Yes
1087,Urban,28,No,Yes,No,Business,Business,12000.0,No,No,MMoney,No,15000,No,No,False,Yes
1059,Urban,33,No,No,No,Business,Casual_work,10000.0,No,No,MMoney,No,9000,No,No,False,Yes
1005,Urban,70,Yes,Yes,No,Health,Renting,20000.0,No,No,MMoney,Yes,20000,No,No,False,Yes
1076,Rural,26,No,Yes,No,Food,Agriculture,5000.0,Yes,No,MMoney,Yes,10000,No,Yes,True,Yes
1089,Rural,71,No,No,No,Health,Casual_work,2000.0,No,No,MMoney,Yes,1000,No,No,False,No
1061,Rural,38,Yes,Yes,Yes,Health,Family,12000.0,No,No,MMoney,No,15000,Yes,No,False,Yes
1054,Rural,16,No,No,No,Education,Family,,No,No,MMoney,No,10000,Yes,No,False,No
1005,Urban,58,No,No,No,Career,Casual_work,4000.0,No,No,MMoney,Yes,4000,No,No,False,No
1020,Urban,32,No,No,No,Food,Casual_work,500.0,Yes,No,MMoney,No,5000,No,No,False,Yes
1052,Urban,35,No,Yes,No,Food,Family,30000.0,No,No,MMoney,No,20000,Yes,No,False,Yes
1061,Rural,36,No,No,No,Food,Agriculture,,No,No,MMoney,Yes,8000,No,No,False,Yes
1045,Rural,24,No,Yes,No,Food,Business,20000.0,Yes,No,MMoney,No,10000,Yes,No,False,Yes
1066,Rural,78,Yes,Yes,No,Food,Business,70001.0,No,No,MMoney,Yes,8000,Yes,No,True,Yes
1049,Urban,25,No,No,No,Health,Casual_work,1500.0,No,No,Bank,No,4000,No,No,False,No
1099,Rural,23,No,No,No,Business,Agriculture,15000.0,No,No,MMoney,Yes,15000,No,Yes,True,Yes
1088,Rural,18,No,Yes,Yes,Business,Casual_work,4000.0,No,No,MMoney,Yes,10000,No,No,False,Yes
1039,Urban,22,No,No,No,Business,Employment,6000.0,No,No,MMoney,No,60000,Yes,Yes,False,No
1076,Urban,50,No,Yes,No,Education,Business,3000.0,No,No,MMoney,Yes,9000,Yes,No,False,Yes
1007,Urban,18,No,Yes,No,Career,Family,500.0,No,No,MMoney,No,12000,Yes,Yes,False,Yes
1018,Rural,21,No,No,No,Food,Casual_work,1000.0,No,No,MMoney,Yes,3000,No,No,True,No
1082,Urban,18,No,Yes,Yes,Education,Employment,10000.0,No,No,MMoney,No,15000,Yes,Yes,False,Yes
1031,Urban,25,No,No,No,Career,Family,2000.0,No,No,MMoney,No,10000,Yes,No,False,No
1063,Rural,35,No,No,No,Health,Family,5000.0,No,No,MMoney,Yes,4000,No,No,False,No
1005,Urban,37,No,Yes,No,Food,Casual_work,2000.0,No,No,MMoney,No,8000,Yes,No,False,Yes
1133,Urban,59,No,No,No,Food,Casual_work,5000.0,No,No,MMoney,Yes,5000,No,No,False,No
1073,Rural,30,No,No,No,Food,Agriculture,12000.0,No,No,MMoney,No,7000,No,No,False,Yes
1011,Urban,26,No,Yes,No,Food,Family,,No,No,MMoney,No,12000,No,No,False,Yes
1017,Urban,24,No,No,No,Career,Business,3000.0,No,No,MMoney,No,10000,Yes,No,False,No
1116,Rural,26,No,No,No,Business,Business,8000.0,Yes,No,MMoney,No,5000,No,Yes,False,Yes
1023,Urban,62,Yes,Yes,No,Health,Pension,35000.0,No,No,MMoney,Yes,8000,Yes,Yes,False,Yes
1040,Rural,60,No,No,No,Food,Casual_work,2000.0,No,No,MMoney,Yes,2000,No,No,True,No
1095,Rural,24,No,No,No,Food,Casual_work,4000.0,No,No,MMoney,No,4000,No,No,False,Yes
1104,Urban,22,No,Yes,Yes,Food,Casual_work,7000.0,No,No,MMoney,No,7000,Yes,No,False,Yes
1111,Urban,35,No,No,No,Health,Business,,No,No,MMoney,No,20000,No,No,False,No
1026,Urban,17,No,Yes,No,Education,Family,100.0,No,No,,No,10000,No,No,False,Yes
1019,Urban,30,No,No,No,Food,Business,9000.0,Yes,No,MMoney,No,8000,No,Yes,False,No
1060,Urban,33,No,No,No,Career,Employment,15000.0,No,No,MMoney,No,15000,No,No,False,No
1009,Urban,34,No,Yes,No,Food,Casual_work,8000.0,No,No,MMoney,No,5000,No,No,False,Yes
1037,Urban,27,No,Yes,No,Career,Business,,No,No,MMoney,No,12000,No,No,False,Yes
1038,Urban,70,Yes,Yes,Yes,Food,Renting,40000.0,No,No,MMoney,Yes,30000,Yes,No,False,Yes
1013,Urban,32,No,Yes,No,Education,Casual_work,800.0,No,No,MMoney,No,12000,No,No,False,Yes
1087,Rural,72,No,No,No,None,Family,,No,No,MMoney,Yes,8000,No,No,False,No
1035,Urban,32,No,No,No,Food,Business,5000.0,Yes,No,MMoney,No,9000,No,No,False,Yes
1058,Rural,40,No,No,No,Food,Agriculture,10000.0,No,No,MMoney,Yes,10000,No,No,False,Yes
1069,Urban,41,No,No,No,Education,Casual_work,17000.0,No,No,Bank,No,6000,No,No,False,No
1078,Rural,29,Yes,No,No,Education,Family,2000.0,No,No,MMoney,No,9000,No,No,True,No
1050,Urban,65,No,Yes,No,Education,Casual_work,,No,No,MMoney,No,17000,No,No,False,Yes
1056,Rural,37,No,No,No,Health,Business,,Yes,No,MMoney,Yes,12000,Yes,Yes,True,Yes
1002,Rural,69,Yes,Yes,No,Business,Agriculture,,No,No,MMoney,Yes,10000,No,No,False,Yes
1007,Urban,41,No,Yes,Yes,Health,Employment,18000.0,No,No,MMoney,No,15000,Yes,No,False,Yes
1055,Urban,35,No,No,No,Food,Casual_work,10000.0,No,No,MMoney,No,10000,No,No,True,No
1037,Rural,34,No,Yes,Yes,Education,Agriculture,10000.0,Yes,No,MMoney,No,7000,No,No,False,Yes
1009,Urban,45,No,Yes,No,Food,Casual_work,10000.0,No,No,Bank,No,8000,No,No,False,Yes
1123,Rural,34,No,Yes,Yes,Education,Employment,20000.0,Yes,No,MMoney,Yes,21000,Yes,No,False,Yes
1066,Rural,27,No,Yes,Yes,Business,Employment,20000.0,No,No,MMoney,Yes,20000,Yes,No,False,Yes
1080,Urban,42,No,Yes,No,Food,Casual_work,8000.0,No,No,MMoney,No,15000,No,No,False,Yes
1095,Rural,53,No,No,No,Health,Casual_work,8000.0,Yes,No,MMoney,Yes,21000,No,No,True,Yes
1060,Rural,25,No,No,No,Food,Agriculture,500.0,No,No,MMoney,Yes,3000,No,No,False,No
1081,Rural,60,No,Yes,No,Food,Agriculture,3000.0,No,No,MMoney,Yes,12000,No,No,False,Yes
1073,Urban,20,No,No,No,Education,Employment,,No,No,MMoney,No,18000,No,No,False,No
1063,Rural,60,No,Yes,No,Food,Agriculture,,Yes,No,MMoney,Yes,6000,No,No,True,Yes
1002,Urban,20,No,No,No,Education,Employment,8000.0,No,No,MMoney,No,10000,No,No,False,No
1110,Urban,30,No,No,No,Business,Casual_work,6000.0,No,No,MMoney,No,8000,Yes,No,False,Yes
1035,Rural,24,No,Yes,Yes,Education,Casual_work,7000.0,Yes,No,MMoney,No,8000,No,No,False,Yes
1030,Urban,35,No,No,No,Food,Casual_work,25000.0,No,No,MMoney,No,10000,Yes,No,False,Yes
1036,Rural,42,No,No,No,Health,Casual_work,3000.0,No,No,MMoney,Yes,3000,No,No,True,Yes
1051,Urban,43,No,Yes,No,Food,Business,,No,No,MMoney,No,30000,Yes,No,False,Yes
1166,Urban,16,Yes,No,No,Education,Family,1500.0,No,No,MMoney,No,10000,No,No,False,No
1041,Urban,40,No,Yes,Yes,Education,Employment,8000.0,Yes,No,MMoney,No,4000,No,No,False,Yes
1005,Rural,17,No,No,No,Education,Family,500.0,No,No,MMoney,No,15000,No,No,True,Yes
1089,Rural,18,No,No,No,Education,Family,500.0,No,No,MMoney,No,5000,No,No,True,No
1095,Urban,40,No,Yes,Yes,Education,Employment,30000.0,Yes,No,MMoney,Yes,15000,Yes,No,False,Yes
1071,Urban,40,Yes,No,No,Education,Casual_work,10000.0,No,No,MMoney,No,2000,Yes,Yes,False,No
1072,Rural,26,No,No,No,Home,Employment,20000.0,No,No,MMoney,Yes,3000,No,No,True,No
1003,Urban,35,No,No,No,Education,Business,30000.0,No,No,MMoney,Yes,16000,Yes,Yes,False,Yes
1049,Urban,48,No,No,No,Food,Family,5000.0,No,No,MMoney,No,12000,No,No,False,Yes
1057,Rural,37,No,Yes,Yes,Food,Casual_work,3000.0,No,No,MMoney,No,3000,Yes,No,False,Yes
1018,Urban,62,No,No,No,Food,Family,2400.0,No,No,MMoney,Yes,15000,No,No,False,Yes
1082,Urban,52,No,Yes,No,Education,Employment,,Yes,No,MMoney,Yes,50000,Yes,Yes,False,Yes
1102,Rural,66,Yes,Yes,Yes,Food,Employment,27000.0,Yes,No,MMoney,Yes,25000,No,No,False,Yes
1001,Urban,20,No,Yes,No,Food,Family,5000.0,No,No,MMoney,Yes,5000,Yes,Yes,False,Yes
1067,Urban,32,No,Yes,No,Food,Business,30000.0,No,No,MMoney,No,20000,Yes,No,False,Yes
1004,Urban,29,Yes,No,No,Food,Casual_work,,No,No,MMoney,No,4000,No,No,False,No
1060,Rural,35,No,No,No,Food,Casual_work,9000.0,No,No,MMoney,Yes,6000,No,No,False,No
1022,Urban,56,No,No,No,Health,Casual_work,6000.0,No,No,MMoney,No,6000,No,No,False,No
1022,Rural,30,No,No,No,Education,Casual_work,10000.0,No,No,MMoney,Yes,10000,No,No,False,Yes
1032,Urban,33,No,Yes,No,Business,Business,30000.0,No,No,MMoney,Yes,40000,Yes,Yes,False,Yes
1063,Urban,22,No,No,No,Education,Family,,No,No,MMoney,No,22000,Yes,No,False,No
1020,Rural,17,Yes,No,No,Health,Casual_work,500.0,No,No,MMoney,No,18000,No,Yes,True,No
1101,Urban,55,No,No,No,Food,Casual_work,5000.0,No,No,MMoney,No,4500,No,No,False,No
1056,Rural,27,No,No,No,Food,Casual_work,10000.0,No,No,Bank,No,10000,No,No,False,No
1016,Rural,44,No,No,No,Education,Casual_work,10000.0,No,No,Bank,No,10000,No,No,False,No
1026,Urban,40,Yes,No,No,Health,Business,8000.0,No,No,MMoney,No,6000,No,No,False,No
1127,Urban,31,No,No,No,Health,Family,7000.0,No,No,MMoney,No,25000,No,No,False,No
1038,Urban,28,No,No,Yes,Food,Family,3000.0,No,No,MMoney,No,15000,Yes,No,False,Yes
1070,Urban,46,No,No,No,Food,Casual_work,12000.0,No,No,MMoney,Yes,10000,Yes,No,False,No
1040,Rural,25,No,No,No,Business,Agriculture,,No,No,MMoney,No,16000,No,Yes,True,No
1082,Rural,60,No,No,Yes,None,Agriculture,,No,No,MMoney,Yes,5000,No,No,False,Yes
